Postcode;Plaatsnaam;Deelgemeente;Provincie
2970;'S Gravenwezel;Ja;Antwerpen
3700;'S Herenelderen;Ja;Limburg
7510;3 Suisses;;
9420;Aaigem;Ja;Oost-Vlaanderen 
8511;Aalbeke;Ja;West-Vlaanderen
3800;Aalst;Ja;Limburg
9300;AALST;Neen;Oost-Vlaanderen 
9880;AALTER;Neen;Oost-Vlaanderen 
3200;AARSCHOT;Neen;Vlaams-Brabant
8700;Aarsele;Ja;West-Vlaanderen
8211;Aartrijke;Ja;West-Vlaanderen
2630;AARTSELAAR;Neen;Antwerpen
4557;Abée;Ja;Luik
4280;Abolens;Ja;Luik
3930;Achel;Ja;Limburg
5590;Achêne;Ja;Namen
5362;Achet;Ja;Namen
4219;Acosse;Ja;Luik
6280;Acoz;Ja;Henegouwen
9991;Adegem;Ja;Oost-Vlaanderen 
8660;Adinkerke;Ja;West-Vlaanderen
1790;AFFLIGEM;Neen;Vlaams-Brabant
9051;Afsnee;Ja;Oost-Vlaanderen 
5544;Agimont;Ja;Namen
4317;Aineffe;Ja;Luik
5310;Aische-En-Refail;Ja;Namen
6250;Aiseau;Ja;Henegouwen
6250;AISEAU-PRESLES;Neen;Henegouwen
5070;Aisemont;Ja;Namen
3570;ALKEN;Neen;Limburg
5550;Alle;Ja;Namen
4432;Alleur;Ja;Luik
1652;Alsemberg;Ja;Vlaams-Brabant
8690;ALVERINGEM;Neen;West-Vlaanderen
4540;AMAY;Neen;Luik
6680;Amberloup;Ja;Luxemburg
6953;Ambly;Ja;Luxemburg
4219;Ambresin;Ja;Luik
4770;AMEL;Neen;Luik
6997;Amonines;Ja;Luxemburg
7750;Amougies;Ja;Henegouwen
4540;Ampsin;Ja;Luik
5300;ANDENNE;Neen;Namen
1070;ANDERLECHT;Neen;Brussel (19 gemeenten)
6150;ANDERLUES;Neen;Henegouwen
4821;Andrimont;Ja;Luik
4031;Angleur;Ja;Luik
7387;Angre;Ja;Henegouwen
7387;Angreau;Ja;Henegouwen
5537;ANHÉE;Neen;Namen
6721;Anlier;Ja;Luxemburg
6890;Anloy;Ja;Luxemburg
5537;Annevoie-Rouillon;Ja;Namen
4430;ANS;Neen;Luik
5500;Anseremme;Ja;Namen
7750;Anseroeul;Ja;Henegouwen
5520;Anthée;Ja;Namen
4520;Antheit;Ja;Luik
4160;ANTHISNES;Neen;Luik
7640;ANTOING;Neen;Henegouwen
2000;ANTWERPEN;Neen;Antwerpen
2018;ANTWERPEN;Neen;Antwerpen
2020;ANTWERPEN;Neen;Antwerpen
2030;ANTWERPEN;Neen;Antwerpen
2040;ANTWERPEN;Neen;Antwerpen
2050;ANTWERPEN;Neen;Antwerpen
2060;ANTWERPEN;Neen;Antwerpen
2099;Antwerpen X;;
7910;Anvaing;Ja;Henegouwen
8570;ANZEGEM;Neen;West-Vlaanderen
9200;Appels;Ja;Oost-Vlaanderen 
9400;Appelterre-Eichem;Ja;Oost-Vlaanderen 
5170;Arbre;Ja;Namen
7811;Arbre;Ja;Henegouwen
4990;Arbrefontaine;Ja;Luik
7910;Arc-Ainières;Ja;Henegouwen
7910;Arc-Wattripont;Ja;Henegouwen
1390;Archennes;Ja;Waals-Brabant
8850;ARDOOIE;Neen;West-Vlaanderen
2370;ARENDONK;Neen;Antwerpen
4601;Argenteau;Ja;Luik
6700;ARLON;Neen;Luxemburg
7181;Arquennes;Ja;Henegouwen
5060;Arsimont;Ja;Namen
6870;Arville;Ja;Luxemburg
3665;AS;Neen;Limburg
9404;Aspelare;Ja;Oost-Vlaanderen 
9890;Asper;Ja;Oost-Vlaanderen 
7040;Asquillies;Ja;Henegouwen
1730;ASSE;Neen;Vlaams-Brabant
8310;Assebroek;Ja;West-Vlaanderen
1007;Assemblée de la Commission Communautaire Française;;
9960;ASSENEDE;Neen;Oost-Vlaanderen 
6860;Assenois;Ja;Luxemburg
3460;Assent;Ja;Vlaams-Brabant
5330;ASSESSE;Neen;Namen
9800;Astene;Ja;Oost-Vlaanderen 
7800;ATH;Neen;Henegouwen
7387;Athis;Ja;Henegouwen
6791;Athus;Ja;Luxemburg
3404;Attenhoven;Ja;Vlaams-Brabant
3384;Attenrode;Ja;Vlaams-Brabant
6717;ATTERT;Neen;Luxemburg
7941;Attre;Ja;Henegouwen
6790;AUBANGE;Neen;Luxemburg
7972;Aubechies;Ja;Henegouwen
4880;AUBEL;Neen;Luik
5660;Aublain;Ja;Namen
6880;Auby-Sur-Semois;Ja;Luxemburg
7382;Audregnies;Ja;Henegouwen
7040;Aulnois;Ja;Henegouwen
6706;Autelbas;Ja;Luxemburg
1367;Autre-Eglise;Ja;Waals-Brabant
7387;Autreppe;Ja;Henegouwen
5060;Auvelais;Ja;Namen
5580;Ave-Et-Auffe;Ja;Namen
8630;Avekapelle;Ja;West-Vlaanderen
8580;AVELGEM;Neen;West-Vlaanderen
4260;Avennes;Ja;Luik
3271;Averbode;Ja;Vlaams-Brabant
4280;Avernas-Le-Bauduin;Ja;Luik
4280;Avin;Ja;Luik
4340;AWANS;Neen;Luik
6870;Awenne;Ja;Luxemburg
4400;Awirs;Ja;Luik
6900;Aye;Ja;Luxemburg
4630;Ayeneux;Ja;Luik
4920;AYWAILLE;Neen;Luik
9890;Baaigem;Ja;Oost-Vlaanderen 
3128;Baal;Ja;Vlaams-Brabant
9310;Baardegem;Ja;Oost-Vlaanderen 
2387;BAARLE-HERTOG;Neen;Antwerpen
9200;Baasrode;Ja;Oost-Vlaanderen 
9800;Bachte-Maria-Leerne;Ja;Oost-Vlaanderen 
4837;BAELEN;Neen;Luik
5550;Bagimont;Ja;Namen
6464;Baileux;Ja;Henegouwen
6460;Bailièvre;Ja;Henegouwen
5555;Baillamont;Ja;Namen
7730;Bailleul;Ja;Henegouwen
5377;Baillonville;Ja;Namen
7380;Baisieux;Ja;Henegouwen
1470;Baisy-Thy;Ja;Waals-Brabant
5190;Balâtre;Ja;Namen
9860;Balegem;Ja;Oost-Vlaanderen 
2490;BALEN;Neen;Antwerpen
9420;Bambrugge;Ja;Oost-Vlaanderen 
6951;Bande;Ja;Luxemburg
6500;Barbençon;Ja;Henegouwen
4671;Barchon;Ja;Luik
5570;Baronville;Ja;Namen
7534;Barry;Ja;Henegouwen
5370;Barvaux-Condroz;Ja;Namen
6940;Barvaux-Sur-Ourthe;Ja;Luxemburg
4520;Bas-Oha;Ja;Luik
7971;Basècles;Ja;Henegouwen
4983;Basse-Bodeux;Ja;Luik
4690;BASSENGE;Neen;Luik
9968;Bassevelde;Ja;Oost-Vlaanderen 
7830;Bassilly;Ja;Henegouwen
6600;BASTOGNE;Neen;Luxemburg
3870;Batsheers;Ja;Limburg
4651;Battice;Ja;Luik
7130;Battignies;Ja;Henegouwen
7331;Baudour;Ja;Henegouwen
7870;Bauffe;Ja;Henegouwen
7604;Baugnies;Ja;Henegouwen
1401;Baulers;Ja;Waals-Brabant
9520;Bavegem;Ja;Oost-Vlaanderen 
8531;Bavikhove;Ja;West-Vlaanderen
9150;Bazel;Ja;Oost-Vlaanderen 
4052;Beaufays;Ja;Luik
6500;BEAUMONT;Neen;Henegouwen
5570;BEAURAING;Neen;Namen
6980;Beausaint;Ja;Luxemburg
1320;BEAUVECHAIN;Neen;Waals-Brabant
6594;Beauwelz;Ja;Henegouwen
7532;Beclers;Ja;Henegouwen
3960;Beek;Ja;Limburg
9630;Beerlegem;Ja;Oost-Vlaanderen 
8730;BEERNEM;Neen;West-Vlaanderen
2340;BEERSE;Neen;Antwerpen
1650;BEERSEL;Neen;Vlaams-Brabant
8600;Beerst;Ja;West-Vlaanderen
1673;Beert;Ja;Vlaams-Brabant
9080;Beervelde;Ja;Oost-Vlaanderen 
2580;Beerzel;Ja;Antwerpen
5000;Beez;Ja;Namen
6987;Beffe;Ja;Luxemburg
3130;BEGIJNENDIJK;Neen;Vlaams-Brabant
6672;Beho;Ja;Luxemburg
1852;Beigem;Ja;Vlaams-Brabant
8480;Bekegem;Ja;West-Vlaanderen
1730;Bekkerzeel;Ja;Vlaams-Brabant
3460;BEKKEVOORT;Neen;Vlaams-Brabant
1009;Belgische Senaat;;
5001;Belgrade;Ja;Namen
4610;Bellaire;Ja;Luik
7170;Bellecourt;Ja;Henegouwen
5555;Bellefontaine;Ja;Namen
6730;Bellefontaine;Ja;Luxemburg
8510;Bellegem;Ja;West-Vlaanderen
9881;Bellem;Ja;Oost-Vlaanderen 
6834;Bellevaux;Ja;Luxemburg
4960;Bellevaux-Ligneuville;Ja;Luik
1674;Bellingen;Ja;Vlaams-Brabant
7970;BELOEIL;Neen;Henegouwen
9111;Belsele;Ja;Oost-Vlaanderen 
4500;Ben-Ahin;Ja;Luik
6941;Bende;Ja;Luxemburg
3540;Berbroek;Ja;Limburg
2600;Berchem;Ja;Antwerpen
9690;Berchem;Ja;Oost-Vlaanderen 
2040;Berendrecht;Ja;Antwerpen
1910;Berg;Ja;Vlaams-Brabant
3700;Berg;Ja;Limburg
4360;Bergilers;Ja;Luik
3580;BERINGEN;Neen;Limburg
2590;BERLAAR;Neen;Antwerpen
9290;BERLARE;Neen;Oost-Vlaanderen 
3830;Berlingen;Ja;Limburg
4257;BERLOZ;Neen;Luik
4607;Berneau;Ja;Luik
7320;BERNISSART;Neen;Henegouwen
6560;Bersillies-L'Abbaye;Ja;Henegouwen
3060;BERTEM;Neen;Vlaams-Brabant
6687;BERTOGNE;Neen;Luxemburg
4280;Bertrée;Ja;Luik
6880;BERTRIX;Neen;Luxemburg
5651;Berzée;Ja;Namen
8980;Beselare;Ja;West-Vlaanderen
3130;Betekom;Ja;Vlaams-Brabant
4300;Bettincourt;Ja;Luik
5030;Beuzet;Ja;Namen
2560;Bevel;Ja;Antwerpen
1547;BEVER;Neen;Vlaams-Brabant
4960;Bevercé;Ja;Luik
9700;Bevere;Ja;Oost-Vlaanderen 
8791;Beveren;Ja;West-Vlaanderen
8800;Beveren;Ja;West-Vlaanderen
8691;Beveren-Aan-De-Ijzer;Ja;West-Vlaanderen
9120;BEVEREN-WAAS;Neen;Oost-Vlaanderen 
3581;Beverlo;Ja;Limburg
3740;Beverst;Ja;Limburg
4610;BEYNE-HEUSAY;Neen;Luik
6543;Bienne-Lez-Happart;Ja;Henegouwen
3360;BIERBEEK;Neen;Vlaams-Brabant
6533;Biercée;Ja;Henegouwen
1301;Bierges;Ja;Waals-Brabant
1430;Bierghes;Ja;Waals-Brabant
4460;Bierset;Ja;Luik
5380;Bierwart;Ja;Namen
5640;Biesme;Ja;Namen
6531;Biesme-Sous-Thuin;Ja;Henegouwen
5640;Biesmerée;Ja;Namen
5555;BIÈVRE;Neen;Namen
1390;Biez;Ja;Waals-Brabant
6690;Bihain;Ja;Luxemburg
8920;Bikschote;Ja;West-Vlaanderen
4831;Bilstain;Ja;Luik
3740;BILZEN;Neen;Limburg
7130;BINCHE;Neen;Henegouwen
3850;Binderveld;Ja;Limburg
3211;Binkom;Ja;Vlaams-Brabant
5537;Bioul;Ja;Namen
8501;Bissegem;Ja;West-Vlaanderen
7783;Bizet;Ja;Henegouwen
2830;Blaasveld;Ja;Antwerpen
5542;Blaimont;Ja;Namen
7522;Blandain;Ja;Henegouwen
3052;Blanden;Ja;Vlaams-Brabant
8370;BLANKENBERGE;Neen;West-Vlaanderen
7040;Blaregnies;Ja;Henegouwen
7321;Blaton;Ja;Henegouwen
7370;Blaugies;Ja;Henegouwen
4670;BLÉGNY;Neen;Luik
7620;Bléharies;Ja;Henegouwen
4280;Blehen;Ja;Luik
6760;Bleid;Ja;Luxemburg
4300;Bleret;Ja;Luik
7903;Blicquy;Ja;Henegouwen
3950;BOCHOLT;Neen;Limburg
4537;Bodegnée;Ja;Luik
2530;BOECHOUT;Neen;Antwerpen
3890;Boekhout;Ja;Limburg
9961;Boekhoute;Ja;Oost-Vlaanderen 
4250;Boëlhe;Ja;Luik
8904;Boezinge;Ja;West-Vlaanderen
1670;Bogaarden;Ja;Vlaams-Brabant
5550;Bohan;Ja;Namen
5140;Boignée;Ja;Namen
4690;Boirs;Ja;Luik
7170;Bois-D'Haine;Ja;Henegouwen
7866;Bois-De-Lessines;Ja;Henegouwen
5170;Bois-De-Villers;Ja;Namen
4560;Bois-Et-Borsu;Ja;Luik
5310;Bolinne;Ja;Namen
4653;Bolland;Ja;Luik
1367;Bomal;Ja;Waals-Brabant
6941;Bomal-Sur-Ourthe;Ja;Luxemburg
4607;Bombaye;Ja;Luik
3840;Bommershoven;Ja;Limburg
7603;Bon-Secours;Ja;Henegouwen
4100;Boncelles;Ja;Luik
5310;Boneffe;Ja;Namen
2820;BONHEIDEN;Neen;Antwerpen
5021;Boninne;Ja;Namen
1325;Bonlez;Ja;Waals-Brabant
6700;Bonnert;Ja;Luxemburg
5300;Bonneville;Ja;Namen
5377;Bonsin;Ja;Namen
2221;Booischot;Ja;Antwerpen
8630;Booitshoeke;Ja;West-Vlaanderen
2850;BOOM;Neen;Antwerpen
3631;Boorsem;Ja;Limburg
3190;BOORTMEERBEEK;Neen;Vlaams-Brabant
1761;Borchtlombeek;Ja;Vlaams-Brabant
2140;Borgerhout;Ja;Antwerpen
3840;BORGLOON;Neen;Limburg
4317;Borlez;Ja;Luik
3891;Borlo;Ja;Limburg
6941;Borlon;Ja;Luxemburg
2880;BORNEM;Neen;Antwerpen
1404;Bornival;Ja;Waals-Brabant
2150;BORSBEEK;Neen;Antwerpen
9552;Borsbeke;Ja;Oost-Vlaanderen 
5032;Bossière;Ja;Namen
8583;Bossuit;Ja;West-Vlaanderen
1390;Bossut-Gottechain;Ja;Waals-Brabant
3300;Bost;Ja;Vlaams-Brabant
5032;Bothey;Ja;Namen
9820;Bottelare;Ja;Oost-Vlaanderen 
6200;Bouffioulx;Ja;Henegouwen
5004;Bouge;Ja;Namen
7040;Bougnies;Ja;Henegouwen
6830;BOUILLON;Neen;Luxemburg
6464;Bourlers;Ja;Henegouwen
5575;Bourseigne-Neuve;Ja;Namen
5575;Bourseigne-Vieille;Ja;Namen
7110;Boussoit;Ja;Henegouwen
7300;BOUSSU;Neen;Henegouwen
5660;Boussu-En-Fagne;Ja;Namen
6440;Boussu-Lez-Walcourt;Ja;Henegouwen
1470;Bousval;Ja;Waals-Brabant
3370;BOUTERSEM;Neen;Vlaams-Brabant
5500;Bouvignes-Sur-Meuse;Ja;Namen
7803;Bouvignies;Ja;Henegouwen
2288;Bouwel;Ja;Antwerpen
8680;Bovekerke;Ja;West-Vlaanderen
3870;Bovelingen;Ja;Limburg
4300;Bovenistier;Ja;Luik
5081;Bovesse;Ja;Namen
6671;Bovigny;Ja;Luxemburg
4990;Bra;Ja;Luik
7604;Braffe;Ja;Henegouwen
5590;Braibant;Ja;Namen
1420;BRAINE-L'ALLEUD;Neen;Waals-Brabant
1440;BRAINE-LE-CHÂTEAU;Neen;Waals-Brabant
7090;BRAINE-LE-COMTE;Neen;Henegouwen
4260;BRAIVES;Neen;Luik
9660;BRAKEL;Neen;Oost-Vlaanderen 
5310;Branchon;Ja;Namen
6800;Bras;Ja;Luxemburg
7604;Brasmenil;Ja;Henegouwen
2930;BRASSCHAAT;Neen;Antwerpen
7130;Bray;Ja;Henegouwen
2960;BRECHT;Neen;Antwerpen
8450;BREDENE;Neen;West-Vlaanderen
3960;BREE;Neen;Limburg
2870;Breendonk;Ja;Antwerpen
4020;Bressoux;Ja;Luik
8900;Brielen;Ja;West-Vlaanderen
2520;Broechem;Ja;Antwerpen
3840;Broekom;Ja;Limburg
1931;Brucargo;;
7940;BRUGELETTE;Neen;Henegouwen
8000;BRUGGE;Neen;West-Vlaanderen
5660;Brûly;Ja;Namen
5660;Brûly-De-Pesche;Ja;Namen
7620;BRUNEHAUT;Neen;Henegouwen
1785;Brussegem;Ja;Vlaams-Brabant
1000;BRUSSEL;Neen;Brussel (19 gemeenten)
1099;Brussel X;;
3800;Brustem;Ja;Limburg
7641;Bruyelle;Ja;Henegouwen
6222;Brye;Ja;Henegouwen
3440;Budingen;Ja;Vlaams-Brabant
9255;BUGGENHOUT;Neen;Oost-Vlaanderen 
7911;Buissenal;Ja;Henegouwen
5580;Buissonville;Ja;Namen
1501;Buizingen;Ja;Vlaams-Brabant
1910;Buken;Ja;Vlaams-Brabant
8630;Bulskamp;Ja;West-Vlaanderen
3380;Bunsbeek;Ja;Vlaams-Brabant
2070;Burcht;Ja;Antwerpen
4210;BURDINNE;Neen;Luik
6927;Bure;Ja;Luxemburg
4790;BURG-REULAND;Neen;Luik
9420;Burst;Ja;Oost-Vlaanderen 
7602;Bury;Ja;Henegouwen
4750;BUTGENBACH;Neen;Luik
3891;Buvingen;Ja;Limburg
7133;Buvrinnes;Ja;Henegouwen
6743;Buzenol;Ja;Luxemburg
6230;Buzet;Ja;Henegouwen
4760;BÜLLINGEN;Neen;Luik
7604;Callenelle;Ja;Henegouwen
7642;Calonne;Ja;Henegouwen
7940;Cambron-Casteau;Ja;Henegouwen
7870;Cambron-Saint-Vincent;Ja;Henegouwen
1804;Cargovil;;
6850;Carlsbourg;Ja;Luxemburg
7141;Carnières;Ja;Henegouwen
7061;Casteau;Ja;Henegouwen
5650;Castillon;Ja;Namen
4317;Celles;Ja;Luik
5561;Celles;Ja;Namen
7760;CELLES;Neen;Henegouwen
4632;Cérexhe-Heuseux;Ja;Luik
5630;CERFONTAINE;Neen;Namen
1341;Céroux-Mousty;Ja;Waals-Brabant
4650;Chaineux;Ja;Luik
5550;Chairière;Ja;Namen
5020;Champion;Ja;Namen
6971;Champlon;Ja;Luxemburg
6921;Chanly;Ja;Luxemburg
6742;Chantemelle;Ja;Luxemburg
7903;Chapelle-À-Oie;Ja;Henegouwen
7903;Chapelle-À-Wattines;Ja;Henegouwen
7160;CHAPELLE-LEZ-HERLAIMONT;Neen;Henegouwen
4537;Chapon-Seraing;Ja;Luik
6000;CHARLEROI;Neen;Henegouwen
6099;Charleroi X;;
4654;Charneux;Ja;Luik
6824;Chassepierre;Ja;Luxemburg
1450;CHASTRE;Neen;Waals-Brabant
1450;Chastre-Villeroux-Blanmont;Ja;Waals-Brabant
5650;Chastrès;Ja;Namen
6200;CHÂTELET;Neen;Henegouwen
6200;Châtelineau;Ja;Henegouwen
6747;Châtillon;Ja;Luxemburg
4050;CHAUDFONTAINE;Neen;Luik
1325;CHAUMONT-GISTOUX;Neen;Waals-Brabant
7063;Chaussée-Notre-Dame-Louvignies;Ja;Henegouwen
4032;Chênee;Ja;Luik
6673;Cherain;Ja;Luxemburg
4602;Cheratte;Ja;Luik
7521;Chercq;Ja;Henegouwen
5590;Chevetogne;Ja;Namen
4987;Chevron;Ja;Luik
7950;CHIÈVRES;Neen;Henegouwen
6460;CHIMAY;Neen;Henegouwen
6810;CHINY;Neen;Luxemburg
4400;Chokier;Ja;Luik
1031;Christelijke Sociale Organisaties;;
5560;Ciergnon;Ja;Namen
5590;CINEY;Neen;Namen
4260;Ciplet;Ja;Luik
7024;Ciply;Ja;Henegouwen
1480;Clabecq;Ja;Waals-Brabant
4560;CLAVIER;Neen;Luik
4890;Clermont;Ja;Luik
5650;Clermont;Ja;Namen
4480;Clermont-Sous-Huy;Ja;Luik
5022;Cognelée;Ja;Namen
7340;COLFONTAINE;Neen;Henegouwen
4170;COMBLAIN-AU-PONT;Neen;Luik
4180;Comblain-Fairon;Ja;Luik
4180;Comblain-La-Tour;Ja;Luik
5590;Conneux;Ja;Namen
1435;Corbais;Ja;Waals-Brabant
6838;Corbion;Ja;Luxemburg
7910;Cordes;Ja;Henegouwen
5620;Corenne;Ja;Namen
4860;Cornesse;Ja;Luik
5555;Cornimont;Ja;Namen
1935;Corporate Village;;
5032;Corroy-Le-Château;Ja;Namen
1325;Corroy-Le-Grand;Ja;Waals-Brabant
4257;Corswarem;Ja;Luik
1450;Cortil-Noirmont;Ja;Waals-Brabant
5380;Cortil-Wodon;Ja;Namen
6010;Couillet;Ja;Henegouwen
6120;Cour-Sur-Heure;Ja;Henegouwen
6180;COURCELLES;Neen;Henegouwen
5336;Courrière;Ja;Namen
1490;COURT-SAINT-ETIENNE;Neen;Waals-Brabant
4218;Couthuin;Ja;Luik
5300;Coutisse;Ja;Namen
1380;Couture-Saint-Germain;Ja;Waals-Brabant
5660;COUVIN;Neen;Namen
4280;Cras-Avernas;Ja;Luik
4280;Crehen;Ja;Luik
4367;CRISNÉE;Neen;Luik
7120;Croix-Lez-Rouveroy;Ja;Henegouwen
4784;Crombach;Ja;Luik
5332;Crupet;Ja;Namen
2075;CSM Antwerpen X;;
6075;CSM Charleroi X;;
9075;CSM Gent X;;
4075;CSM Liege X;;
7033;Cuesmes;Ja;Henegouwen
6880;Cugnon;Ja;Luxemburg
5660;Cul-Des-Sarts;Ja;Namen
5562;Custinne;Ja;Namen
8890;Dadizele;Ja;West-Vlaanderen
5660;Dailly;Ja;Namen
9160;Daknam;Ja;Oost-Vlaanderen 
4607;DALHEM;Neen;Luik
8340;DAMME;Neen;West-Vlaanderen
6767;Dampicourt;Ja;Luxemburg
6020;Dampremy;Ja;Henegouwen
4253;Darion;Ja;Luik
5630;Daussois;Ja;Namen
5020;Daussoulx;Ja;Namen
5100;Dave;Ja;Namen
6929;DAVERDISSE;Neen;Luxemburg
8420;DE HAAN;Neen;West-Vlaanderen
9170;De Klinge;Ja;Oost-Vlaanderen 
8630;De Moeren;Ja;West-Vlaanderen
8660;DE PANNE;Neen;West-Vlaanderen
9840;DE PINTE;Neen;Oost-Vlaanderen 
8540;DEERLIJK;Neen;West-Vlaanderen
9570;Deftinge;Ja;Oost-Vlaanderen 
9800;DEINZE;Neen;Oost-Vlaanderen 
9280;Denderbelle;Ja;Oost-Vlaanderen 
9450;Denderhoutem;Ja;Oost-Vlaanderen 
9470;DENDERLEEUW;Neen;Oost-Vlaanderen 
9200;DENDERMONDE;Neen;Oost-Vlaanderen 
9400;Denderwindeke;Ja;Oost-Vlaanderen 
5537;Denée;Ja;Namen
8720;DENTERGEM;Neen;West-Vlaanderen
7912;Dergneau;Ja;Henegouwen
2480;DESSEL;Neen;Antwerpen
8792;Desselgem;Ja;West-Vlaanderen
9070;DESTELBERGEN;Neen;Oost-Vlaanderen 
9042;Desteldonk;Ja;Oost-Vlaanderen 
9831;Deurle;Ja;Oost-Vlaanderen 
2100;Deurne;Ja;Antwerpen
3290;Deurne;Ja;Vlaams-Brabant
7864;Deux-Acren;Ja;Henegouwen
5310;Dhuy;Ja;Namen
1831;Diegem;Ja;Vlaams-Brabant
3590;DIEPENBEEK;Neen;Limburg
3290;DIEST;Neen;Vlaams-Brabant
3700;Diets-Heur;Ja;Limburg
8900;Dikkebus;Ja;West-Vlaanderen
9630;Dikkele;Ja;Oost-Vlaanderen 
9890;Dikkelvenne;Ja;Oost-Vlaanderen 
8600;DIKSMUIDE;Neen;West-Vlaanderen
1700;DILBEEK;Neen;Vlaams-Brabant
3650;Dilsen;Ja;Limburg
3650;DILSEN-STOKKEM;Neen;Limburg
5500;DINANT;Neen;Namen
5570;Dion;Ja;Namen
1325;Dion-Valmont;Ja;Waals-Brabant
4820;DISON;Neen;Luik
6960;Dochamps;Ja;Luxemburg
9130;Doel;Ja;Oost-Vlaanderen 
6836;Dohan;Ja;Luxemburg
5680;DOISCHE;Neen;Namen
4140;Dolembreux;Ja;Luik
4357;DONCEEL;Neen;Luik
1370;Dongelberg;Ja;Waals-Brabant
3540;Donk;Ja;Limburg
6536;Donstiennes;Ja;Henegouwen
5530;Dorinne;Ja;Namen
3440;Dormaal;Ja;Vlaams-Brabant
7711;Dottenijs;Ja;Henegouwen
7370;DOUR;Neen;Henegouwen
5670;Dourbes;Ja;Namen
8951;Dranouter;Ja;West-Vlaanderen
5500;Dréhance;Ja;Namen
8600;Driekapellen;Ja;West-Vlaanderen
3350;Drieslinter;Ja;Vlaams-Brabant
1620;DROGENBOS;Neen;Vlaams-Brabant
9031;Drongen;Ja;Oost-Vlaanderen 
8380;Dudzele;Ja;West-Vlaanderen
2570;DUFFEL;Neen;Antwerpen
3080;Duisburg;Ja;Vlaams-Brabant
3803;Duras;Ja;Limburg
6940;DURBUY;Neen;Luxemburg
5530;Durnal;Ja;Namen
1653;Dworp;Ja;Vlaams-Brabant
4690;Eben-Emael;Ja;Luik
6860;Ebly;Ja;Luxemburg
7190;ECAUSSINNES;Neen;Henegouwen
7190;Ecaussinnes-D'Enghien;Ja;Henegouwen
7191;Ecaussinnes-Lalaing;Ja;Henegouwen
2650;EDEGEM;Neen;Antwerpen
9700;Edelare;Ja;Oost-Vlaanderen 
7850;EDINGEN;Neen;Henegouwen
9900;EEKLO;Neen;Oost-Vlaanderen 
8480;Eernegem;Ja;West-Vlaanderen
8740;Egem;Ja;West-Vlaanderen
8630;Eggewaartskapelle;Ja;West-Vlaanderen
5310;EGHEZÉE;Neen;Namen
4120;Ehein;Ja;Luik
4480;Ehein;Ja;Luik
3740;Eigenbilzen;Ja;Limburg
2430;Eindhout;Ja;Antwerpen
9700;Eine;Ja;Oost-Vlaanderen 
3630;Eisden;Ja;Limburg
9810;Eke;Ja;Oost-Vlaanderen 
2180;Ekeren;Ja;Antwerpen
9160;Eksaarde;Ja;Oost-Vlaanderen 
3941;Eksel;Ja;Limburg
3650;Elen;Ja;Limburg
9620;Elene;Ja;Oost-Vlaanderen 
1982;Elewijt;Ja;Vlaams-Brabant
3400;Eliksem;Ja;Vlaams-Brabant
1671;Elingen;Ja;Vlaams-Brabant
4590;Ellemelle;Ja;Luik
7890;ELLEZELLES;Neen;Henegouwen
7910;Ellignies-Lez-Frasnes;Ja;Henegouwen
7972;Ellignies-Saint-Anne;Ja;Henegouwen
3670;Ellikom;Ja;Limburg
7370;Elouges;Ja;Henegouwen
9790;Elsegem;Ja;Oost-Vlaanderen 
4750;Elsenborn;Ja;Luik
1050;ELSENE;Neen;Brussel (19 gemeenten)
9660;Elst;Ja;Oost-Vlaanderen 
8906;Elverdinge;Ja;West-Vlaanderen
9140;Elversele;Ja;Oost-Vlaanderen 
2520;Emblem;Ja;Antwerpen
4053;Embourg;Ja;Luik
8870;Emelgem;Ja;West-Vlaanderen
5080;Emines;Ja;Namen
5363;Emptinne;Ja;Namen
9700;Ename;Ja;Oost-Vlaanderen 
3800;Engelmanshoven;Ja;Limburg
4480;ENGIS;Neen;Luik
1350;Enines;Ja;Waals-Brabant
4800;Ensival;Ja;Luik
7134;Epinois;Ja;Henegouwen
1980;Eppegem;Ja;Vlaams-Brabant
5580;Eprave;Ja;Namen
7050;Erbaut;Ja;Henegouwen
7050;Erbisoeul;Ja;Henegouwen
7500;Ere;Ja;Henegouwen
9320;Erembodegem;Ja;Oost-Vlaanderen 
6997;EREZÉE;Neen;Luxemburg
5644;Ermeton-Sur-Biert;Ja;Namen
5030;Ernage;Ja;Namen
6972;Erneuville;Ja;Luxemburg
4920;Ernonheid;Ja;Luik
9420;Erondegem;Ja;Oost-Vlaanderen 
9420;Erpe;Ja;Oost-Vlaanderen 
9420;ERPE-MERE;Neen;Oost-Vlaanderen 
5101;Erpent;Ja;Namen
6441;Erpion;Ja;Henegouwen
3071;Erps-Kwerps;Ja;Vlaams-Brabant
6560;ERQUELINNES;Neen;Henegouwen
7387;Erquennes;Ja;Henegouwen
9940;Ertvelde;Ja;Oost-Vlaanderen 
9620;Erwetegem;Ja;Oost-Vlaanderen 
7760;Escanaffles;Ja;Henegouwen
8600;Esen;Ja;West-Vlaanderen
4130;ESNEUX;Neen;Luik
7502;Esplechin;Ja;Henegouwen
7743;Esquelmes;Ja;Henegouwen
2910;ESSEN;Neen;Antwerpen
1790;Essene;Ja;Vlaams-Brabant
7730;Estaimbourg;Ja;Henegouwen
7730;ESTAIMPUIS;Neen;Henegouwen
7120;ESTINNES;Neen;Henegouwen
7120;Estinnes-Au-Mont;Ja;Henegouwen
7120;Estinnes-Au-Val;Ja;Henegouwen
6740;ETALLE;Neen;Luxemburg
6760;Ethe;Ja;Luxemburg
9680;Etikhove;Ja;Oost-Vlaanderen 
8460;Ettelgem;Ja;West-Vlaanderen
1040;ETTERBEEK;Neen;Brussel (19 gemeenten)
7080;Eugies;Ja;Henegouwen
4700;EUPEN;Neen;Luik
1046;European External Action Service;;
1047;Europees Parlement;;
1049;Europese unie - Commissie;;
1048;Europese unie - Raad;;
4631;Evegnée;Ja;Luik
5350;Evelette;Ja;Namen
9660;Everbeek;Ja;Oost-Vlaanderen 
3078;Everberg;Ja;Vlaams-Brabant
1140;EVERE;Neen;Brussel (19 gemeenten)
9940;EVERGEM;Neen;Oost-Vlaanderen 
7730;Evregnies;Ja;Henegouwen
5530;Evrehailles;Ja;Namen
4731;Eynatten;Ja;Luik
3400;Ezemaal;Ja;Vlaams-Brabant
5600;Fagnolle;Ja;Namen
4317;FAIMES;Neen;Luik
5522;Falaen;Ja;Namen
5060;Falisolle;Ja;Namen
4260;Fallais;Ja;Luik
5500;Falmagne;Ja;Namen
5500;Falmignoul;Ja;Namen
7181;Familleureux;Ja;Henegouwen
6240;FARCIENNES;Neen;Henegouwen
5340;Faulx-Les-Tombes;Ja;Namen
7120;Fauroeulx;Ja;Henegouwen
6637;FAUVILLERS;Neen;Luxemburg
4950;Faymonville;Ja;Luik
6856;Fays-Les-Veneurs;Ja;Luxemburg
7387;Fayt-Le-Franc;Ja;Henegouwen
7170;Fayt-Lez-Manage;Ja;Henegouwen
5570;Felenne;Ja;Namen
7181;Feluy;Ja;Henegouwen
4607;Feneur;Ja;Luik
5380;FERNELMONT;Neen;Namen
4190;FERRIÈRES;Neen;Luik
5570;Feschaux;Ja;Namen
4347;FEXHE-LE-HAUT-CLOCHER;Neen;Luik
4458;Fexhe-Slins;Ja;Luik
4181;Filot;Ja;Luik
5560;Finnevaux;Ja;Namen
4530;Fize-Fontaine;Ja;Luik
4367;Fize-Le-Marsal;Ja;Luik
6686;Flamierge;Ja;Luxemburg
5620;Flavion;Ja;Namen
5020;Flawinne;Ja;Namen
4400;FLÉMALLE;Neen;Luik
4400;Flémalle-Grande;Ja;Luik
4400;Flémalle-Haute;Ja;Luik
7012;Flénu;Ja;Henegouwen
4620;FLÉRON;Neen;Luik
6220;FLEURUS;Neen;Henegouwen
4540;Flône;Ja;Luik
5334;Florée;Ja;Namen
5150;FLOREFFE;Neen;Namen
5620;FLORENNES;Neen;Namen
6820;FLORENVILLE;Neen;Luxemburg
5150;Floriffoux;Ja;Namen
5370;Flostoy;Ja;Namen
5572;Focant;Ja;Namen
1212;FOD Mobiliteit;;
1350;Folx-Les-Caves;Ja;Waals-Brabant
6140;FONTAINE-L'EVÊQUE;Neen;Henegouwen
6567;Fontaine-Valmont;Ja;Henegouwen
5650;Fontenelle;Ja;Namen
6820;Fontenoille;Ja;Luxemburg
7643;Fontenoy;Ja;Henegouwen
4340;Fooz;Ja;Luik
6141;Forchies-La-Marche;Ja;Henegouwen
7910;Forest;Ja;Henegouwen
4870;Forêt;Ja;Luik
6596;Forge-Philippe;Ja;Henegouwen
6464;Forges;Ja;Henegouwen
6953;Forrières;Ja;Luxemburg
5380;Forville;Ja;Namen
4980;Fosse;Ja;Luik
5070;FOSSES-LA-VILLE;Neen;Namen
7830;Fouleng;Ja;Henegouwen
6440;Fourbechies;Ja;Henegouwen
5504;Foy-Notre-Dame;Ja;Namen
4870;Fraipont;Ja;Luik
5650;Fraire;Ja;Namen
4557;Fraiture;Ja;Luik
7080;FRAMERIES;Neen;Henegouwen
6853;Framont;Ja;Luxemburg
5380;Franc-Waret;Ja;Namen
5600;Franchimont;Ja;Namen
4970;Francorchamps;Ja;Luik
5150;Franière;Ja;Namen
5660;Frasnes;Ja;Namen
7910;FRASNES-LEZ-ANVAING;Neen;Henegouwen
7911;Frasnes-Lez-Buissenal;Ja;Henegouwen
6210;Frasnes-Lez-Gosselies;Ja;Henegouwen
4347;Freloux;Ja;Luik
6800;Freux;Ja;Luxemburg
6440;FROIDCHAPELLE;Neen;Henegouwen
5576;Froidfontaine;Ja;Namen
7504;Froidmont;Ja;Henegouwen
6990;Fronville;Ja;Luxemburg
7503;Froyennes;Ja;Henegouwen
4260;Fumal;Ja;Luik
5500;Furfooz;Ja;Namen
5641;Furnaux;Ja;Namen
1750;Gaasbeek;Ja;Vlaams-Brabant
7943;Gages;Ja;Henegouwen
7906;Gallaix;Ja;Henegouwen
1570;GALMAARDEN;Neen;Vlaams-Brabant
1083;GANSHOREN;Neen;Brussel (19 gemeenten)
7530;Gaurain-Ramecroix;Ja;Henegouwen
9890;GAVERE;Neen;Oost-Vlaanderen 
5575;GEDINNE;Neen;Namen
2440;GEEL;Neen;Antwerpen
4250;GEER;Neen;Luik
1367;Geest-Gérompont-Petit-Rosière;Ja;Waals-Brabant
3450;GEETBETS;Neen;Vlaams-Brabant
5024;Gelbressée;Ja;Namen
3800;Gelinden;Ja;Limburg
3620;Gellik;Ja;Limburg
3200;Gelrode;Ja;Vlaams-Brabant
8980;Geluveld;Ja;West-Vlaanderen
8940;Geluwe;Ja;West-Vlaanderen
6929;Gembes;Ja;Luxemburg
5030;GEMBLOUX;Neen;Namen
4851;Gemmenich;Ja;Luik
1470;GENAPPE;Neen;Waals-Brabant
3600;GENK;Neen;Limburg
7040;Genly;Ja;Henegouwen
3770;Genoelselderen;Ja;Limburg
9000;GENT;Neen;Oost-Vlaanderen 
9099;Gent X;;
9050;Gentbrugge;Ja;Oost-Vlaanderen 
1450;Gentinnes;Ja;Waals-Brabant
1332;Genval;Ja;Waals-Brabant
9500;GERAARDSBERGEN;Neen;Oost-Vlaanderen 
3960;Gerdingen;Ja;Limburg
5524;Gerin;Ja;Namen
1367;Gérompont;Ja;Waals-Brabant
6769;Gérouville;Ja;Luxemburg
6280;GERPINNES;Neen;Henegouwen
2590;Gestel;Ja;Antwerpen
5340;GESVES;Neen;Namen
7822;Ghislenghien;Ja;Henegouwen
7011;Ghlin;Ja;Henegouwen
7863;Ghoy;Ja;Henegouwen
7823;Gibecq;Ja;Henegouwen
2275;Gierle;Ja;Antwerpen
8691;Gijverinkhove;Ja;West-Vlaanderen
9308;Gijzegem;Ja;Oost-Vlaanderen 
8570;Gijzelbrechtegem;Ja;West-Vlaanderen
9860;Gijzenzele;Ja;Oost-Vlaanderen 
6060;Gilly;Ja;Henegouwen
5680;Gimnée;Ja;Namen
3890;GINGELOM;Neen;Limburg
8470;GISTEL;Neen;West-Vlaanderen
8830;Gits;Ja;West-Vlaanderen
7041;Givry;Ja;Henegouwen
1473;Glabais;Ja;Waals-Brabant
3380;GLABBEEK;Neen;Vlaams-Brabant
4000;Glain;Ja;Luik
4400;Gleixhe;Ja;Luik
1315;Glimes;Ja;Waals-Brabant
4690;Glons;Ja;Luik
5680;Gochenée;Ja;Namen
7160;Godarville;Ja;Henegouwen
5530;Godinne;Ja;Namen
9620;Godveerdegem;Ja;Oost-Vlaanderen 
4834;Goé;Ja;Luik
9500;Goeferdinge;Ja;Oost-Vlaanderen 
7040;Goegnies-Chaussée;Ja;Henegouwen
5353;Goesnes;Ja;Namen
3300;Goetsenhoven;Ja;Vlaams-Brabant
4140;Gomzé-Andoumont;Ja;Luik
7830;Gondregnies;Ja;Henegouwen
5660;Gonrieux;Ja;Namen
9090;Gontrode;Ja;Oost-Vlaanderen 
1755;GOOIK;Neen;Vlaams-Brabant
3840;Gors-Opleeuw;Ja;Limburg
3803;Gorsem;Ja;Limburg
6041;Gosselies;Ja;Henegouwen
3840;Gotem;Ja;Limburg
9800;Gottem;Ja;Oost-Vlaanderen 
7070;Gottignies;Ja;Henegouwen
6280;Gougnies;Ja;Henegouwen
5651;Gourdinne;Ja;Namen
6030;Goutroux;Ja;Henegouwen
6670;GOUVY;Neen;Luxemburg
6181;Gouy-Lez-Piéton;Ja;Henegouwen
6534;Gozée;Ja;Henegouwen
4460;Grâce-Berleur;Ja;Luik
4460;GRÂCE-HOLLOGNE;Neen;Luik
5555;Graide;Ja;Namen
9800;Grammene;Ja;Oost-Vlaanderen 
4300;Grand-Axhe;Ja;Luik
4280;Grand-Hallet;Ja;Luik
6698;Grand-Halleux;Ja;Luxemburg
5031;Grand-Leez;Ja;Namen
5030;Grand-Manil;Ja;Namen
4650;Grand-Rechain;Ja;Luik
6560;Grand-Reng;Ja;Henegouwen
1367;Grand-Rosière-Hottomont;Ja;Waals-Brabant
7973;Grandglise;Ja;Henegouwen
6940;Grandhan;Ja;Luxemburg
6960;Grandmenil;Ja;Luxemburg
7900;Grandmetz;Ja;Henegouwen
6470;Grandrieu;Ja;Henegouwen
4360;Grandville;Ja;Luik
6840;Grandvoir;Ja;Luxemburg
6840;Grapfontaine;Ja;Luxemburg
7830;Graty;Ja;Henegouwen
5640;Graux;Ja;Namen
3450;Grazen;Ja;Vlaams-Brabant
9200;Grembergen;Ja;Oost-Vlaanderen 
1390;GREZ-DOICEAU;Neen;Waals-Brabant
1850;GRIMBERGEN;Neen;Vlaams-Brabant
9506;Grimminge;Ja;Oost-Vlaanderen 
4030;Grivegnee;Ja;Luik
2280;GROBBENDONK;Neen;Antwerpen
1702;Groot-Bijgaarden;Ja;Vlaams-Brabant
3800;Groot-Gelmen;Ja;Limburg
3840;Groot-Loon;Ja;Limburg
5555;Gros-Fays;Ja;Namen
7950;Grosage;Ja;Henegouwen
3990;Grote-Brogel;Ja;Limburg
3740;Grote-Spouwen;Ja;Limburg
9620;Grotenberge;Ja;Oost-Vlaanderen 
3670;Gruitrode;Ja;Limburg
6952;Grune;Ja;Luxemburg
6927;Grupont;Ja;Luxemburg
7620;Guignies;Ja;Henegouwen
3723;Guigoven;Ja;Limburg
6704;Guirsch;Ja;Luxemburg
8560;Gullegem;Ja;West-Vlaanderen
3870;Gutshoven;Ja;Limburg
3150;HAACHT;Neen;Vlaams-Brabant
9450;HAALTERT;Neen;Oost-Vlaanderen 
9120;Haasdonk;Ja;Oost-Vlaanderen 
3053;Haasrode;Ja;Vlaams-Brabant
6720;HABAY;Neen;Luxemburg
6720;Habay-La-Neuve;Ja;Luxemburg
6723;Habay-La-Vieille;Ja;Luxemburg
6782;Habergy;Ja;Luxemburg
4684;Haccourt;Ja;Luik
6720;Hachy;Ja;Luxemburg
7911;Hacquegnies;Ja;Henegouwen
5351;Haillot;Ja;Namen
7100;Haine-Saint-Paul;Ja;Henegouwen
7100;Haine-Saint-Pierre;Ja;Henegouwen
7350;Hainin;Ja;Henegouwen
3300;Hakendover;Ja;Vlaams-Brabant
6792;Halanzy;Ja;Luxemburg
3545;HALEN;Neen;Limburg
2220;Hallaar;Ja;Antwerpen
1500;HALLE;Neen;Vlaams-Brabant
2980;Halle;Ja;Antwerpen
3440;Halle-Booienhoven;Ja;Vlaams-Brabant
6986;Halleux;Ja;Luxemburg
6922;Halma;Ja;Luxemburg
3800;Halmaal;Ja;Limburg
5340;Haltinne;Ja;Namen
3945;HAM;Neen;Limburg
6120;HAM-SUR-HEURE;Neen;Henegouwen
5190;Ham-Sur-Sambre;Ja;Namen
6840;Hamipré;Ja;Luxemburg
1785;Hamme;Ja;Vlaams-Brabant
9220;HAMME;Neen;Oost-Vlaanderen 
1320;Hamme-Mille;Ja;Waals-Brabant
4180;HAMOIR;Neen;Luik
5360;HAMOIS;Neen;Namen
3930;Hamont;Ja;Limburg
3930;HAMONT-ACHEL;Neen;Limburg
6990;Hampteau;Ja;Luxemburg
5580;Han-Sur-Lesse;Ja;Namen
8610;Handzame;Ja;West-Vlaanderen
4357;Haneffe;Ja;Luik
4210;Hannêche;Ja;Luik
4280;HANNUT;Neen;Luik
5310;Hanret;Ja;Namen
9850;Hansbeke;Ja;Oost-Vlaanderen 
6560;Hantes-Wihéries;Ja;Henegouwen
5621;Hanzinelle;Ja;Namen
5621;Hanzinne;Ja;Namen
7321;Harchies;Ja;Henegouwen
8530;HARELBEKE;Neen;West-Vlaanderen
1130;Haren;Ja;Brussel (19 gemeenten)
3700;Haren;Ja;Limburg
3840;Haren;Ja;Limburg
6900;Hargimont;Ja;Luxemburg
7022;Harmignies;Ja;Henegouwen
6767;Harnoncourt;Ja;Luxemburg
6960;Harre;Ja;Luxemburg
6950;Harsin;Ja;Luxemburg
7022;Harveng;Ja;Henegouwen
4920;Harzé;Ja;Luik
3500;HASSELT;Neen;Limburg
5540;HASTIÈRE;Neen;Namen
5540;Hastière-Lavaux;Ja;Namen
5541;Hastière-Par-Delà;Ja;Namen
6870;Hatrival;Ja;Luxemburg
7120;Haulchin;Ja;Henegouwen
4730;Hauset;Ja;Luik
6929;Haut-Fays;Ja;Luxemburg
1461;Haut-Ittre;Ja;Waals-Brabant
5537;Haut-Le-Wastia;Ja;Namen
7334;Hautrage;Ja;Henegouwen
7041;Havay;Ja;Henegouwen
5370;HAVELANGE;Neen;Namen
5590;Haversin;Ja;Namen
7531;Havinnes;Ja;Henegouwen
7021;Havre;Ja;Henegouwen
3940;Hechtel;Ja;Limburg
3940;HECHTEL-EKSEL;Neen;Limburg
5543;Heer;Ja;Namen
3870;HEERS;Neen;Limburg
3740;Hees;Ja;Limburg
8551;Heestert;Ja;West-Vlaanderen
2801;Heffen;Ja;Antwerpen
1670;Heikruis;Ja;Vlaams-Brabant
2830;Heindonk;Ja;Antwerpen
6700;Heinsch;Ja;Luxemburg
8301;Heist-Aan-Zee;Ja;West-Vlaanderen
2220;HEIST-OP-DEN-BERG;Neen;Antwerpen
1790;Hekelgem;Ja;Vlaams-Brabant
3870;Heks;Ja;Limburg
3530;Helchteren;Ja;Limburg
9450;Heldergem;Ja;Oost-Vlaanderen 
1357;HÉLÉCINE;Neen;Waals-Brabant
3440;Helen-Bos;Ja;Vlaams-Brabant
8587;Helkijn;Ja;West-Vlaanderen
7830;Hellebecq;Ja;Henegouwen
9571;Hemelveerdegem;Ja;Oost-Vlaanderen 
2620;HEMIKSEM;Neen;Antwerpen
5380;Hemptinne;Ja;Namen
5620;Hemptinne-Lez-Florennes;Ja;Namen
3840;Hendrieken;Ja;Limburg
3700;Henis;Ja;Limburg
7090;Hennuyères;Ja;Henegouwen
4841;Henri-Chapelle;Ja;Luik
7090;Henripont;Ja;Henegouwen
7350;HENSIES;Neen;Henegouwen
3971;Heppen;Ja;Limburg
4771;Heppenbach;Ja;Luik
6220;Heppignies;Ja;Henegouwen
6887;HERBEUMONT;Neen;Luxemburg
7050;Herchies;Ja;Henegouwen
3770;Herderen;Ja;Limburg
9310;Herdersem;Ja;Oost-Vlaanderen 
3020;HERENT;Neen;Vlaams-Brabant
2200;HERENTALS;Neen;Antwerpen
2270;HERENTHOUT;Neen;Antwerpen
1540;Herfelingen;Ja;Vlaams-Brabant
4728;Hergenrath;Ja;Luik
7742;Hérinnes-Lez-Pecq;Ja;Henegouwen
3540;HERK-DE-STAD;Neen;Limburg
4681;Hermalle-Sous-Argenteau;Ja;Luik
4480;Hermalle-Sous-Huy;Ja;Luik
4680;Hermée;Ja;Luik
5540;Hermeton-Sur-Meuse;Ja;Namen
1540;HERNE;Neen;Vlaams-Brabant
4217;HÉRON;Neen;Luik
7911;Herquegies;Ja;Henegouwen
7712;Herseaux;Ja;Henegouwen
2230;HERSELT;Neen;Antwerpen
4040;HERSTAL;Neen;Luik
3717;HERSTAPPE;Neen;Limburg
7522;Hertain;Ja;Henegouwen
3831;Herten;Ja;Limburg
8020;Hertsberge;Ja;West-Vlaanderen
4650;HERVE;Neen;Luik
9550;HERZELE;Neen;Oost-Vlaanderen 
8501;Heule;Ja;West-Vlaanderen
5377;Heure;Ja;Namen
4682;Heure-Le-Romain;Ja;Luik
9700;Heurne;Ja;Oost-Vlaanderen 
3550;Heusden;Ja;Limburg
9070;Heusden;Ja;Oost-Vlaanderen 
3550;HEUSDEN-ZOLDER;Neen;Limburg
4802;Heusy;Ja;Luik
8950;HEUVELLAND;Neen;West-Vlaanderen
3191;Hever;Ja;Vlaams-Brabant
3001;Heverlee;Ja;Vlaams-Brabant
1435;Hévillers;Ja;Waals-Brabant
6941;Heyd;Ja;Luxemburg
1733;HighCo DATA;;
9550;Hillegem;Ja;Oost-Vlaanderen 
2880;Hingene;Ja;Antwerpen
5380;Hingeon;Ja;Namen
6984;Hives;Ja;Luxemburg
2660;Hoboken;Ja;Antwerpen
4351;Hodeige;Ja;Luik
6987;Hodister;Ja;Luxemburg
4162;Hody;Ja;Luik
3320;HOEGAARDEN;Neen;Vlaams-Brabant
1560;HOEILAART;Neen;Vlaams-Brabant
8340;Hoeke;Ja;West-Vlaanderen
3746;Hoelbeek;Ja;Limburg
3471;Hoeleden;Ja;Vlaams-Brabant
3840;Hoepertingen;Ja;Limburg
3730;HOESELT;Neen;Limburg
2940;Hoevenen;Ja;Antwerpen
1981;Hofstade;Ja;Vlaams-Brabant
9308;Hofstade;Ja;Oost-Vlaanderen 
5377;Hogne;Ja;Namen
4342;Hognoul;Ja;Luik
7620;Hollain;Ja;Henegouwen
6637;Hollange;Ja;Luxemburg
8902;Hollebeke;Ja;West-Vlaanderen
4460;Hollogne-Aux-Pierres;Ja;Luik
4250;Hollogne-Sur-Geer;Ja;Luik
3220;HOLSBEEK;Neen;Vlaams-Brabant
2811;Hombeek;Ja;Antwerpen
4852;Hombourg;Ja;Luik
6640;Hompré;Ja;Luxemburg
6780;Hondelange;Ja;Luxemburg
5570;Honnay;Ja;Namen
7387;HONNELLES;Neen;Henegouwen
8830;HOOGLEDE;Neen;West-Vlaanderen
8690;Hoogstade;Ja;West-Vlaanderen
2320;HOOGSTRATEN;Neen;Antwerpen
9667;HOREBEKE;Neen;Oost-Vlaanderen 
4460;Horion-Hozémont;Ja;Luik
7301;Hornu;Ja;Henegouwen
3870;Horpmaal;Ja;Limburg
7060;Horrues;Ja;Henegouwen
6990;HOTTON;Neen;Luxemburg
6724;Houdemont;Ja;Luxemburg
7110;Houdeng-Aimeries;Ja;Henegouwen
7110;Houdeng-Goegnies;Ja;Henegouwen
5575;Houdremont;Ja;Namen
6660;HOUFFALIZE;Neen;Luxemburg
5563;Hour;Ja;Namen
4671;Housse;Ja;Luik
1476;Houtain-Le-Val;Ja;Waals-Brabant
4682;Houtain-Saint-Siméon;Ja;Luik
7812;Houtaing;Ja;Henegouwen
8377;Houtave;Ja;West-Vlaanderen
8630;Houtem;Ja;West-Vlaanderen
3530;Houthalen;Ja;Limburg
3530;HOUTHALEN-HELCHTEREN;Neen;Limburg
7781;Houthem;Ja;Henegouwen
8650;HOUTHULST;Neen;West-Vlaanderen
2235;Houtvenne;Ja;Antwerpen
3390;Houwaart;Ja;Vlaams-Brabant
5530;Houx;Ja;Namen
5560;HOUYET;Neen;Namen
2540;HOVE;Neen;Antwerpen
7830;Hoves;Ja;Henegouwen
7624;Howardries;Ja;Henegouwen
4520;Huccorgne;Ja;Luik
9750;Huise;Ja;Oost-Vlaanderen 
7950;Huissignies;Ja;Henegouwen
1654;Huizingen;Ja;Vlaams-Brabant
3040;HULDENBERG;Neen;Vlaams-Brabant
2235;HULSHOUT;Neen;Antwerpen
5560;Hulsonniaux;Ja;Namen
8531;Hulste;Ja;West-Vlaanderen
6900;Humain;Ja;Luxemburg
1851;Humbeek;Ja;Vlaams-Brabant
9630;Hundelgem;Ja;Oost-Vlaanderen 
1367;Huppaye;Ja;Waals-Brabant
4500;HUY;Neen;Luik
7022;Hyon;Ja;Henegouwen
8480;ICHTEGEM;Neen;West-Vlaanderen
9472;Iddergem;Ja;Oost-Vlaanderen 
9506;Idegem;Ja;Oost-Vlaanderen 
8900;IEPER;Neen;West-Vlaanderen
9340;Impe;Ja;Oost-Vlaanderen 
1315;INCOURT;Neen;Waals-Brabant
8770;INGELMUNSTER;Neen;West-Vlaanderen
8570;Ingooigem;Ja;West-Vlaanderen
1041;International press center;;
7801;Irchonwelz;Ja;Henegouwen
7822;Isières;Ja;Henegouwen
5032;Isnes;Ja;Namen
2222;Itegem;Ja;Antwerpen
1701;Itterbeek;Ja;Vlaams-Brabant
1460;ITTRE;Neen;Waals-Brabant
4400;Ivoz-Ramet;Ja;Luik
8870;IZEGEM;Neen;West-Vlaanderen
6810;Izel;Ja;Luxemburg
8691;Izenberge;Ja;West-Vlaanderen
6941;Izier;Ja;Luxemburg
8490;JABBEKE;Neen;West-Vlaanderen
4845;JALHAY;Neen;Luik
5354;Jallet;Ja;Namen
5600;Jamagne;Ja;Namen
5100;Jambes;Ja;Namen
5600;Jamiolle;Ja;Namen
6120;Jamioulx;Ja;Henegouwen
6810;Jamoigne;Ja;Luxemburg
1350;Jandrain-Jandrenouille;Ja;Waals-Brabant
1350;Jauche;Ja;Waals-Brabant
1370;Jauchelette;Ja;Waals-Brabant
5570;Javingue;Ja;Namen
4540;Jehay;Ja;Luik
6880;Jehonville;Ja;Luxemburg
7012;Jemappes;Ja;Henegouwen
5580;Jemelle;Ja;Namen
5589;Jemelle;;
4101;Jemeppe-Sur-Meuse;Ja;Luik
5190;JEMEPPE-SUR-SAMBRE;Neen;Namen
4357;Jeneffe;Ja;Luik
5370;Jeneffe;Ja;Namen
3840;Jesseren;Ja;Limburg
1090;JETTE;Neen;Brussel (19 gemeenten)
3890;Jeuk;Ja;Limburg
1370;JODOIGNE;Neen;Waals-Brabant
1370;Jodoigne-Souveraine;Ja;Waals-Brabant
7620;Jollain-Merlin;Ja;Henegouwen
6280;Joncret;Ja;Henegouwen
4650;Julémont;Ja;Luik
6040;Jumet;Ja;Henegouwen
4020;Jupille-Sur-Meuse;Ja;Luik
4450;JUPRELLE;Neen;Luik
7050;JURBISE;Neen;Henegouwen
6642;Juseret;Ja;Luxemburg
8600;Kaaskerke;Ja;West-Vlaanderen
8870;Kachtem;Ja;West-Vlaanderen
3293;Kaggevinne;Ja;Vlaams-Brabant
7540;Kain;Ja;Henegouwen
9270;Kalken;Ja;Oost-Vlaanderen 
9120;Kallo;Ja;Oost-Vlaanderen 
9130;Kallo;Ja;Oost-Vlaanderen 
2920;KALMTHOUT;Neen;Antwerpen
1008;Kamer van Volksvertegenwoordigers;;
1910;KAMPENHOUT;Neen;Vlaams-Brabant
8700;Kanegem;Ja;West-Vlaanderen
3770;Kanne;Ja;Limburg
1880;KAPELLE-OP-DEN-BOS;Neen;Vlaams-Brabant
2950;KAPELLEN;Neen;Antwerpen
3381;Kapellen;Ja;Vlaams-Brabant
9970;KAPRIJKE;Neen;Oost-Vlaanderen 
8572;Kaster;Ja;West-Vlaanderen
2460;KASTERLEE;Neen;Antwerpen
3950;Kaulille;Ja;Limburg
3140;KEERBERGEN;Neen;Vlaams-Brabant
8600;Keiem;Ja;West-Vlaanderen
4720;KELMIS;Neen;Luik
4367;Kemexhe;Ja;Luik
8956;Kemmel;Ja;West-Vlaanderen
9190;Kemzeke;Ja;Oost-Vlaanderen 
8581;Kerkhove;Ja;West-Vlaanderen
3370;Kerkom;Ja;Vlaams-Brabant
3800;Kerkom-Bij-Sint-Truiden;Ja;Limburg
9451;Kerksken;Ja;Oost-Vlaanderen 
3510;Kermt;Ja;Limburg
3840;Kerniel;Ja;Limburg
3472;Kersbeek-Miskom;Ja;Vlaams-Brabant
2560;Kessel;Ja;Antwerpen
3010;Kessel Lo;Ja;Vlaams-Brabant
3640;Kessenich;Ja;Limburg
1755;Kester;Ja;Vlaams-Brabant
4701;Kettenis;Ja;Luik
5060;Keumiée;Ja;Namen
9130;Kieldrecht;Ja;Oost-Vlaanderen 
3640;KINROOI;Neen;Limburg
3870;Klein-Gelmen;Ja;Limburg
3990;Kleine-Brogel;Ja;Limburg
3740;Kleine-Spouwen;Ja;Limburg
8420;Klemskerke;Ja;West-Vlaanderen
8650;Klerken;Ja;West-Vlaanderen
9690;KLUISBERGEN;Neen;Oost-Vlaanderen 
9940;Kluizen;Ja;Oost-Vlaanderen 
9910;KNESSELARE;Neen;Oost-Vlaanderen 
8300;Knokke;Ja;West-Vlaanderen
8300;KNOKKE-HEIST;Neen;West-Vlaanderen
1730;Kobbegem;Ja;Vlaams-Brabant
8680;KOEKELARE;Neen;West-Vlaanderen
1081;KOEKELBERG;Neen;Brussel (19 gemeenten)
3582;Koersel;Ja;Limburg
8670;KOKSIJDE;Neen;West-Vlaanderen
3700;Kolmont;Ja;Limburg
3840;Kolmont;Ja;Limburg
7780;Komen;Ja;Henegouwen
7780;KOMEN-WAASTEN;Neen;Henegouwen
2500;Koningshooikt;Ja;Antwerpen
3700;Koninksem;Ja;Limburg
2550;KONTICH;Neen;Antwerpen
8510;Kooigem;Ja;West-Vlaanderen
8000;Koolkerke;Ja;West-Vlaanderen
8851;Koolskamp;Ja;West-Vlaanderen
3060;Korbeek-Dijle;Ja;Vlaams-Brabant
3360;Korbeek-Lo;Ja;Vlaams-Brabant
8610;KORTEMARK;Neen;West-Vlaanderen
3470;KORTENAKEN;Neen;Vlaams-Brabant
3070;KORTENBERG;Neen;Vlaams-Brabant
3720;KORTESSEM;Neen;Limburg
3890;Kortijs;Ja;Limburg
8500;KORTRIJK;Neen;West-Vlaanderen
3220;Kortrijk-Dutsel;Ja;Vlaams-Brabant
3850;Kozen;Ja;Limburg
1950;KRAAINEM;Neen;Vlaams-Brabant
8972;Krombeke;Ja;West-Vlaanderen
9150;KRUIBEKE;Neen;Oost-Vlaanderen 
9770;KRUISHOUTEM;Neen;Oost-Vlaanderen 
3300;Kumtich;Ja;Vlaams-Brabant
3511;Kuringen;Ja;Limburg
3840;Kuttekoven;Ja;Limburg
8520;KUURNE;Neen;West-Vlaanderen
3945;Kwaadmechelen;Ja;Limburg
9690;Kwaremont;Ja;Oost-Vlaanderen 
1320;L'Ecluse;Ja;Waals-Brabant
6464;L'Escaillère;Ja;Henegouwen
7080;La Bouverie;Ja;Henegouwen
5080;LA BRUYÈRE;Neen;Namen
7611;La Glanerie;Ja;Henegouwen
4987;La Gleize;Ja;Luik
7170;La Hestre;Ja;Henegouwen
1310;LA HULPE;Neen;Waals-Brabant
7100;LA LOUVIÈRE;Neen;Henegouwen
4910;La Reid;Ja;Luik
6980;LA ROCHE-EN-ARDENNE;Neen;Luxemburg
2430;LAAKDAL;Neen;Antwerpen
3400;Laar;Ja;Vlaams-Brabant
9270;LAARNE;Neen;Oost-Vlaanderen 
6567;Labuissière;Ja;Henegouwen
6821;Lacuisine;Ja;Luxemburg
7950;Ladeuze;Ja;Henegouwen
5550;Laforet;Ja;Namen
7890;Lahamaide;Ja;Henegouwen
1020;Laken;Ja;Brussel (19 gemeenten)
7522;Lamain;Ja;Henegouwen
4800;Lambermont;Ja;Luik
6220;Lambusart;Ja;Henegouwen
4350;Lamine;Ja;Luik
4210;Lamontzée;Ja;Luik
6767;Lamorteau;Ja;Luxemburg
8600;Lampernisse;Ja;West-Vlaanderen
3620;LANAKEN;Neen;Limburg
4600;Lanaye;Ja;Luik
9850;Landegem;Ja;Oost-Vlaanderen 
6111;Landelies;Ja;Henegouwen
3400;LANDEN;Neen;Vlaams-Brabant
5300;Landenne;Ja;Namen
9860;Landskouter;Ja;Oost-Vlaanderen 
5651;Laneffe;Ja;Namen
3201;Langdorp;Ja;Vlaams-Brabant
8920;Langemark;Ja;West-Vlaanderen
8920;LANGEMARK-POELKAPELLE;Neen;West-Vlaanderen
3650;Lanklaar;Ja;Limburg
7800;Lanquesaint;Ja;Henegouwen
4450;Lantin;Ja;Luik
4300;Lantremange;Ja;Luik
7622;Laplaigne;Ja;Henegouwen
8340;Lapscheure;Ja;West-Vlaanderen
1380;LASNE;Neen;Waals-Brabant
1380;Lasne-Chapelle-Saint-Lambert;Ja;Waals-Brabant
1370;Lathuy;Ja;Waals-Brabant
4261;Latinne;Ja;Luik
6761;Latour;Ja;Luxemburg
3700;Lauw;Ja;Limburg
8930;Lauwe;Ja;West-Vlaanderen
6681;Lavacherie;Ja;Luxemburg
5580;Lavaux-Saint-Anne;Ja;Namen
4217;Lavoir;Ja;Luik
5670;Le Mesnil;Ja;Namen
7070;LE ROEULX;Neen;Henegouwen
5070;Le Roux;Ja;Namen
9280;LEBBEKE;Neen;Oost-Vlaanderen 
9340;LEDE;Neen;Oost-Vlaanderen 
9050;Ledeberg;Ja;Oost-Vlaanderen 
8880;LEDEGEM;Neen;West-Vlaanderen
3061;Leefdaal;Ja;Vlaams-Brabant
1755;Leerbeek;Ja;Vlaams-Brabant
6142;Leernes;Ja;Henegouwen
6530;Leers-Et-Fosteau;Ja;Henegouwen
7730;Leers-Nord;Ja;Henegouwen
2811;Leest;Ja;Antwerpen
9620;Leeuwergem;Ja;Oost-Vlaanderen 
8432;Leffinge;Ja;West-Vlaanderen
6860;LÉGLISE;Neen;Luxemburg
5590;Leignon;Ja;Namen
8691;Leisele;Ja;West-Vlaanderen
8600;Leke;Ja;West-Vlaanderen
1502;Lembeek;Ja;Vlaams-Brabant
9971;Lembeke;Ja;Oost-Vlaanderen 
9820;Lemberge;Ja;Oost-Vlaanderen 
8860;LENDELEDE;Neen;West-Vlaanderen
1750;LENNIK;Neen;Vlaams-Brabant
7870;LENS;Neen;Henegouwen
4280;Lens-Saint-Remy;Ja;Luik
4250;Lens-Saint-Servais;Ja;Luik
4360;Lens-Sur-Geer;Ja;Luik
3970;LEOPOLDSBURG;Neen;Limburg
4560;Les Avins;Ja;Luik
6210;LES BONS VILLERS;Neen;Henegouwen
6811;Les Bulles;Ja;Luxemburg
6830;Les Hayons;Ja;Luxemburg
4317;Les Waleffes;Ja;Luik
7621;Lesdain;Ja;Henegouwen
7860;LESSINES;Neen;Henegouwen
5580;Lessive;Ja;Namen
6953;Lesterny;Ja;Luxemburg
5170;Lesve;Ja;Namen
7850;Lettelingen;Ja;Henegouwen
9521;Letterhoutem;Ja;Oost-Vlaanderen 
6500;Leugnies;Ja;Henegouwen
9700;Leupegem;Ja;Oost-Vlaanderen 
3630;Leut;Ja;Limburg
3000;LEUVEN;Neen;Vlaams-Brabant
5310;Leuze;Ja;Namen
7900;LEUZE-EN-HAINAUT;Neen;Henegouwen
6500;Leval-Chaudeville;Ja;Henegouwen
7134;Leval-Trahegnies;Ja;Henegouwen
6238;Liberchies;Ja;Henegouwen
6890;LIBIN;Neen;Luxemburg
6800;LIBRAMONT-CHEVIGNY;Neen;Luxemburg
2460;Lichtaart;Ja;Antwerpen
8810;LICHTERVELDE;Neen;West-Vlaanderen
1770;LIEDEKERKE;Neen;Vlaams-Brabant
9400;Lieferinge;Ja;Oost-Vlaanderen 
4000;LIÈGE;Neen;Luik
4020;LIÈGE;Neen;Luik
4099;Liège X;;
2500;LIER;Neen;Antwerpen
9570;LIERDE;Neen;Oost-Vlaanderen 
4990;LIERNEUX;Neen;Luik
5310;Liernu;Ja;Namen
4042;Liers;Ja;Luik
2870;Liezele;Ja;Antwerpen
7812;Ligne;Ja;Henegouwen
4254;Ligney;Ja;Luik
5140;Ligny;Ja;Namen
2275;LILLE;Neen;Antwerpen
2040;Lillo;Ja;Antwerpen
1428;Lillois-Witterzée;Ja;Waals-Brabant
1300;Limal;Ja;Waals-Brabant
4830;LIMBOURG;Neen;Luik
1342;Limelette;Ja;Waals-Brabant
6670;Limerlé;Ja;Luxemburg
4357;Limont;Ja;Luik
4287;LINCENT;Neen;Luik
3210;Linden;Ja;Vlaams-Brabant
1630;LINKEBEEK;Neen;Vlaams-Brabant
3560;Linkhout;Ja;Limburg
1357;Linsmeau;Ja;Waals-Brabant
2547;LINT;Neen;Antwerpen
3350;LINTER;Neen;Vlaams-Brabant
2890;Lippelo;Ja;Antwerpen
5501;Lisogne;Ja;Namen
8380;Lissewege;Ja;West-Vlaanderen
5101;Lives-Sur-Meuse;Ja;Namen
4600;Lixhe;Ja;Luik
8647;Lo;Ja;West-Vlaanderen
8647;LO-RENINGE;Neen;West-Vlaanderen
6540;LOBBES;Neen;Henegouwen
9080;LOCHRISTI;Neen;Oost-Vlaanderen 
6042;Lodelinsart;Ja;Henegouwen
2990;Loenhout;Ja;Antwerpen
8958;Loker;Ja;West-Vlaanderen
9160;LOKEREN;Neen;Oost-Vlaanderen 
3545;Loksbergen;Ja;Limburg
8434;Lombardsijde;Ja;West-Vlaanderen
7870;Lombise;Ja;Henegouwen
3920;LOMMEL;Neen;Limburg
4783;Lommersweiler;Ja;Luik
6463;Lompret;Ja;Henegouwen
6924;Lomprez;Ja;Luxemburg
4431;Loncin;Ja;Luik
1840;LONDERZEEL;Neen;Vlaams-Brabant
5310;Longchamps;Ja;Namen
6688;Longchamps;Ja;Luxemburg
6840;Longlier;Ja;Luxemburg
1325;Longueville;Ja;Waals-Brabant
6600;Longvilly;Ja;Luxemburg
4710;LONTZEN;Neen;Luik
5030;Lonzée;Ja;Namen
3040;Loonbeek;Ja;Vlaams-Brabant
8210;Loppem;Ja;West-Vlaanderen
4987;Lorcé;Ja;Luik
1651;Lot;Ja;Vlaams-Brabant
9880;Lotenhulle;Ja;Oost-Vlaanderen 
5575;Louette-Saint-Denis;Ja;Namen
5575;Louette-Saint-Pierre;Ja;Namen
1471;Loupoigne;Ja;Waals-Brabant
1348;Louvain-La-Neuve;Ja;Waals-Brabant
4141;Louveigné;Ja;Luik
4920;Louveigné;Ja;Luik
9920;LOVENDEGEM;Neen;Oost-Vlaanderen 
3360;Lovenjoel;Ja;Vlaams-Brabant
6280;Loverval;Ja;Henegouwen
5101;Loyers;Ja;Namen
3210;LUBBEEK;Neen;Vlaams-Brabant
7700;Luingne;Ja;Henegouwen
3560;LUMMEN;Neen;Limburg
5170;Lustin;Ja;Namen
6238;Luttre;Ja;Henegouwen
9680;Maarke-Kerkem;Ja;Oost-Vlaanderen 
9680;MAARKEDAL;Neen;Oost-Vlaanderen 
3680;MAASEIK;Neen;Limburg
3630;MAASMECHELEN;Neen;Limburg
6663;Mabompré;Ja;Luxemburg
1830;MACHELEN;Neen;Vlaams-Brabant
9870;Machelen;Ja;Oost-Vlaanderen 
6591;Macon;Ja;Henegouwen
6593;Macquenoise;Ja;Henegouwen
5374;Maffe;Ja;Namen
7810;Maffle;Ja;Henegouwen
4623;Magnée;Ja;Luik
5330;Maillen;Ja;Namen
7812;Mainvault;Ja;Henegouwen
7020;Maisières;Ja;Henegouwen
6852;Maissin;Ja;Luxemburg
5300;Maizeret;Ja;Namen
3700;Mal;Ja;Limburg
9990;MALDEGEM;Neen;Oost-Vlaanderen 
1840;Malderen;Ja;Vlaams-Brabant
6960;Malempré;Ja;Luxemburg
1360;Malèves-Sainte-Marie-Wastines;Ja;Waals-Brabant
2390;MALLE;Neen;Antwerpen
4960;MALMEDY;Neen;Luik
5020;Malonne;Ja;Namen
5575;Malvoisin;Ja;Namen
7170;MANAGE;Neen;Henegouwen
4760;Manderfeld;Ja;Luik
6960;MANHAY;Neen;Luxemburg
8433;Mannekensvere;Ja;West-Vlaanderen
1380;Maransart;Ja;Waals-Brabant
1495;Marbais;Ja;Waals-Brabant
6120;Marbaix;Ja;Henegouwen
6900;MARCHE-EN-FAMENNE;Neen;Luxemburg
5024;Marche-Les-Dames;Ja;Namen
7190;Marche-Lez-Ecaussinnes;Ja;Henegouwen
6030;Marchienne-Au-Pont;Ja;Henegouwen
4570;MARCHIN;Neen;Luik
7387;Marchipont;Ja;Henegouwen
5380;Marchovelette;Ja;Namen
6001;Marcinelle;Ja;Henegouwen
6987;Marcourt;Ja;Luxemburg
6990;Marenne;Ja;Luxemburg
9030;Mariakerke;Ja;Oost-Vlaanderen 
2880;Mariekerke;Ja;Antwerpen
5660;Mariembourg;Ja;Namen
1350;Marilles;Ja;Waals-Brabant
7850;Mark;Ja;Henegouwen
8510;Marke;Ja;West-Vlaanderen
8720;Markegem;Ja;West-Vlaanderen
4210;Marneffe;Ja;Luik
7522;Marquain;Ja;Henegouwen
6630;MARTELANGE;Neen;Luxemburg
3742;Martenslinde;Ja;Limburg
5573;Martouzin-Neuville;Ja;Namen
6953;Masbourg;Ja;Luxemburg
7050;Masnuy-Saint-Jean;Ja;Henegouwen
7050;Masnuy-Saint-Pierre;Ja;Henegouwen
9230;Massemen;Ja;Oost-Vlaanderen 
2240;Massenhoven;Ja;Antwerpen
5680;Matagne-La-Grande;Ja;Namen
5680;Matagne-La-Petite;Ja;Namen
9700;Mater;Ja;Oost-Vlaanderen 
7640;Maubray;Ja;Henegouwen
7534;Maulde;Ja;Henegouwen
7110;Maurage;Ja;Henegouwen
5670;Mazée;Ja;Namen
1745;Mazenzele;Ja;Vlaams-Brabant
5032;Mazy;Ja;Namen
5372;Méan;Ja;Namen
2800;MECHELEN;Neen;Antwerpen
3630;Mechelen-Aan-De-Maas;Ja;Limburg
3870;Mechelen-Bovelingen;Ja;Limburg
4219;Meeffe;Ja;Luik
3391;Meensel-Kiezegem;Ja;Vlaams-Brabant
2321;Meer;Ja;Antwerpen
3078;Meerbeek;Ja;Vlaams-Brabant
9402;Meerbeke;Ja;Oost-Vlaanderen 
9170;Meerdonk;Ja;Oost-Vlaanderen 
2450;MEERHOUT;Neen;Antwerpen
2328;Meerle;Ja;Antwerpen
3630;Meeswijk;Ja;Limburg
8377;Meetkerke;Ja;West-Vlaanderen
3670;Meeuwen;Ja;Limburg
3670;MEEUWEN-GRUITRODE;Neen;Limburg
5310;Mehaigne;Ja;Namen
9800;Meigem;Ja;Oost-Vlaanderen 
9630;Meilegem;Ja;Oost-Vlaanderen 
1860;MEISE;Neen;Vlaams-Brabant
6769;MEIX-DEVANT-VIRTON;Neen;Luxemburg
6747;Meix-Le-Tige;Ja;Luxemburg
9700;Melden;Ja;Oost-Vlaanderen 
3320;Meldert;Ja;Vlaams-Brabant
3560;Meldert;Ja;Limburg
9310;Meldert;Ja;Oost-Vlaanderen 
4633;Melen;Ja;Luik
1370;Mélin;Ja;Waals-Brabant
3350;Melkwezer;Ja;Vlaams-Brabant
9090;MELLE;Neen;Oost-Vlaanderen 
1495;Mellery;Ja;Waals-Brabant
7540;Melles;Ja;Henegouwen
6211;Mellet;Ja;Henegouwen
6860;Mellier;Ja;Luxemburg
1820;Melsbroek;Ja;Vlaams-Brabant
9120;Melsele;Ja;Oost-Vlaanderen 
9820;Melsen;Ja;Oost-Vlaanderen 
4837;Membach;Ja;Luik
5550;Membre;Ja;Namen
3770;Membruggen;Ja;Limburg
9042;Mendonk;Ja;Oost-Vlaanderen 
8930;MENEN;Neen;West-Vlaanderen
6567;MERBES-LE-CHÂTEAU;Neen;Henegouwen
6567;Merbes-Sainte-Marie;Ja;Henegouwen
1785;MERCHTEM;Neen;Vlaams-Brabant
4280;Merdorp;Ja;Luik
9420;Mere;Ja;Oost-Vlaanderen 
9820;MERELBEKE;Neen;Oost-Vlaanderen 
9850;Merendree;Ja;Oost-Vlaanderen 
8650;Merkem;Ja;West-Vlaanderen
2170;Merksem;Ja;Antwerpen
2330;MERKSPLAS;Neen;Antwerpen
5600;Merlemont;Ja;Namen
8957;MESEN;Neen;West-Vlaanderen
7822;Meslin-L'Evêque;Ja;Henegouwen
5560;Mesnil-Eglise;Ja;Namen
5560;Mesnil-Saint-Blaise;Ja;Namen
9200;Mespelare;Ja;Oost-Vlaanderen 
6780;MESSANCY;Neen;Luxemburg
3272;Messelbroek;Ja;Vlaams-Brabant
7022;Mesvin;Ja;Henegouwen
3870;Mettekoven;Ja;Limburg
5640;METTET;Neen;Namen
8760;MEULEBEKE;Neen;West-Vlaanderen
5081;Meux;Ja;Namen
7942;Mévergnies-Lez-Lens;Ja;Henegouwen
4770;Meyerode;Ja;Luik
9660;Michelbeke;Ja;Oost-Vlaanderen 
4630;Micheroux;Ja;Luik
9992;Middelburg;Ja;Oost-Vlaanderen 
8430;MIDDELKERKE;Neen;West-Vlaanderen
5376;Miécret;Ja;Namen
3891;Mielen-Boven-Aalst;Ja;Limburg
7070;Mignault;Ja;Henegouwen
3770;Millen;Ja;Limburg
4041;Milmort;Ja;Luik
2322;Minderhout;Ja;Antwerpen
1035;Ministerie van het Brussels Hoofdstedelijk Gewest;;
6870;Mirwart;Ja;Luxemburg
4577;MODAVE;Neen;Luik
3790;Moelingen;Ja;Limburg
8552;Moen;Ja;West-Vlaanderen
9500;Moerbeke;Ja;Oost-Vlaanderen 
9180;MOERBEKE-WAAS;Neen;Oost-Vlaanderen 
8470;Moere;Ja;West-Vlaanderen
8340;Moerkerke;Ja;West-Vlaanderen
9220;Moerzeke;Ja;Oost-Vlaanderen 
7700;MOESKROEN;Neen;Henegouwen
4520;Moha;Ja;Luik
5361;Mohiville;Ja;Namen
5060;Moignelée;Ja;Namen
6800;Moircy;Ja;Luxemburg
2400;MOL;Neen;Antwerpen
7760;Molenbaix;Ja;Henegouwen
3461;Molenbeek-Wersbeek;Ja;Vlaams-Brabant
3640;Molenbeersel;Ja;Limburg
3294;Molenstede;Ja;Vlaams-Brabant
1730;Mollem;Ja;Vlaams-Brabant
4350;Momalle;Ja;Luik
6590;MOMIGNIES;Neen;Henegouwen
5555;Monceau-En-Ardenne;Ja;Namen
6592;Monceau-Imbrechies;Ja;Henegouwen
6031;Monceau-Sur-Sambre;Ja;Henegouwen
7000;MONS;Neen;Henegouwen
4400;Mons-Lez-Liège;Ja;Luik
1400;Monstreux;Ja;Waals-Brabant
5530;Mont;Ja;Namen
6661;Mont;Ja;Luxemburg
7750;MONT-DE-L'ENCLUS;Neen;Henegouwen
5580;Mont-Gauthier;Ja;Namen
1367;Mont-Saint-André;Ja;Waals-Brabant
7542;Mont-Saint-Aubert;Ja;Henegouwen
1435;MONT-SAINT-GUIBERT;Neen;Waals-Brabant
7141;Mont-Sainte-Aldegonde;Ja;Henegouwen
6540;Mont-Sainte-Geneviève;Ja;Henegouwen
6032;Mont-Sur-Marchienne;Ja;Henegouwen
6470;Montbliart;Ja;Henegouwen
4420;Montegnée;Ja;Luik
3890;Montenaken;Ja;Limburg
7870;Montignies-Lez-Lens;Ja;Henegouwen
6560;Montignies-Saint-Christophe;Ja;Henegouwen
7387;Montignies-Sur-Roc;Ja;Henegouwen
6061;Montignies-Sur-Sambre;Ja;Henegouwen
6110;MONTIGNY-LE-TILLEUL;Neen;Henegouwen
6674;Montleban;Ja;Luxemburg
7911;Montroeul-Au-Bois;Ja;Henegouwen
7350;Montroeul-Sur-Haine;Ja;Henegouwen
4850;Montzen;Ja;Luik
9310;Moorsel;Ja;Oost-Vlaanderen 
8560;Moorsele;Ja;West-Vlaanderen
8890;MOORSLEDE;Neen;West-Vlaanderen
9860;Moortsele;Ja;Oost-Vlaanderen 
3740;Mopertingen;Ja;Limburg
9790;Moregem;Ja;Oost-Vlaanderen 
4850;Moresnet;Ja;Luik
6640;Morhet;Ja;Luxemburg
5621;Morialmé;Ja;Namen
2200;Morkhoven;Ja;Antwerpen
7140;MORLANWELZ;Neen;Henegouwen
7140;Morlanwelz-Mariemont;Ja;Henegouwen
6997;Mormont;Ja;Luxemburg
5190;Mornimont;Ja;Namen
4670;Mortier;Ja;Luik
4607;Mortroux;Ja;Luik
2640;MORTSEL;Neen;Antwerpen
5620;Morville;Ja;Namen
7812;Moulbaix;Ja;Henegouwen
7543;Mourcourt;Ja;Henegouwen
7911;Moustier;Ja;Henegouwen
5190;Moustier-Sur-Sambre;Ja;Namen
5550;Mouzaive;Ja;Namen
4280;Moxhe;Ja;Luik
5340;Mozet;Ja;Namen
2812;Muizen;Ja;Antwerpen
3891;Muizen;Ja;Limburg
9700;Mullem;Ja;Oost-Vlaanderen 
9630;Munkzwalm;Ja;Oost-Vlaanderen 
6820;Muno;Ja;Luxemburg
3740;Munsterbilzen;Ja;Limburg
9820;Munte;Ja;Oost-Vlaanderen 
6750;MUSSON;Neen;Luxemburg
6750;Mussy-La-Ville;Ja;Luxemburg
4190;My;Ja;Luik
7062;Naast;Ja;Henegouwen
6660;Nadrin;Ja;Luxemburg
5550;Nafraiture;Ja;Namen
6120;Nalinnes;Ja;Henegouwen
5300;Namêche;Ja;Namen
5000;NAMUR;Neen;Namen
4550;NANDRIN;Neen;Luik
5100;Naninne;Ja;Namen
5555;Naomé;Ja;Namen
6950;NASSOGNE;Neen;Luxemburg
1110;NATO;;
5360;Natoye;Ja;Namen
9810;NAZARETH;Neen;Oost-Vlaanderen 
7730;Néchin;Ja;Henegouwen
1120;Neder-Over-Heembeek;Ja;Brussel (19 gemeenten)
9500;Nederboelare;Ja;Oost-Vlaanderen 
9660;Nederbrakel;Ja;Oost-Vlaanderen 
9700;Nederename;Ja;Oost-Vlaanderen 
9400;Nederhasselt;Ja;Oost-Vlaanderen 
1910;Nederokkerzeel;Ja;Vlaams-Brabant
9636;Nederzwalm-Hermelgem;Ja;Oost-Vlaanderen 
3670;Neerglabbeek;Ja;Limburg
3620;Neerharen;Ja;Limburg
3350;Neerhespen;Ja;Vlaams-Brabant
1357;Neerheylissem;Ja;Waals-Brabant
3040;Neerijse;Ja;Vlaams-Brabant
3404;Neerlanden;Ja;Vlaams-Brabant
3350;Neerlinter;Ja;Vlaams-Brabant
3680;Neeroeteren;Ja;Limburg
3910;NEERPELT;Neen;Limburg
3700;Neerrepen;Ja;Limburg
3370;Neervelp;Ja;Vlaams-Brabant
7784;Neerwaasten;Ja;Henegouwen
3400;Neerwinden;Ja;Vlaams-Brabant
9403;Neigem;Ja;Oost-Vlaanderen 
3700;Nerem;Ja;Limburg
4870;Nessonvaux;Ja;Luik
1390;Nethen;Ja;Waals-Brabant
5377;Nettinne;Ja;Namen
4721;Neu-Moresnet;Ja;Luik
4608;Neufchâteau;Ja;Luik
6840;NEUFCHÂTEAU;Neen;Luxemburg
7332;Neufmaison;Ja;Henegouwen
7063;Neufvilles;Ja;Henegouwen
4120;NEUPRÉ;Neen;Luik
5600;Neuville;Ja;Namen
4121;Neuville-En-Condroz;Ja;Luik
9850;NEVELE;Neen;Oost-Vlaanderen 
2845;NIEL;Neen;Antwerpen
3668;Niel-Bij-As;Ja;Limburg
3890;Niel-Bij-Sint-Truiden;Ja;Limburg
9506;Nieuwenhove;Ja;Oost-Vlaanderen 
1880;Nieuwenrode;Ja;Vlaams-Brabant
3850;NIEUWERKERKEN;Neen;Limburg
9320;Nieuwerkerken;Ja;Oost-Vlaanderen 
8600;Nieuwkapelle;Ja;West-Vlaanderen
8950;Nieuwkerke;Ja;West-Vlaanderen
9100;Nieuwkerken-Waas;Ja;Oost-Vlaanderen 
8377;Nieuwmunster;Ja;West-Vlaanderen
8620;NIEUWPOORT;Neen;West-Vlaanderen
3221;Nieuwrode;Ja;Vlaams-Brabant
2560;NIJLEN;Neen;Antwerpen
1457;Nil-Saint-Vincent-Saint-Martin;Ja;Waals-Brabant
7020;Nimy;Ja;Henegouwen
9400;NINOVE;Neen;Oost-Vlaanderen 
5670;Nismes;Ja;Namen
1400;NIVELLES;Neen;Waals-Brabant
5680;Niverlée;Ja;Namen
6640;Nives;Ja;Luxemburg
6717;Nobressart;Ja;Luxemburg
1320;Nodebais;Ja;Waals-Brabant
1350;Noduwez;Ja;Waals-Brabant
7080;Noirchain;Ja;Henegouwen
6831;Noirfontaine;Ja;Luxemburg
5377;Noiseux;Ja;Namen
9771;Nokere;Ja;Oost-Vlaanderen 
6851;Nollevaux;Ja;Luxemburg
2200;Noorderwijk;Ja;Antwerpen
8647;Noordschote;Ja;West-Vlaanderen
1930;Nossegem;Ja;Vlaams-Brabant
6717;Nothomb;Ja;Luxemburg
7022;Nouvelles;Ja;Henegouwen
4347;Noville;Ja;Luik
6600;Noville;Ja;Luxemburg
5380;Noville-Les-Bois;Ja;Namen
5310;Noville-Sur-Méhaigne;Ja;Namen
9681;Nukerke;Ja;Oost-Vlaanderen 
6230;Obaix;Ja;Henegouwen
7743;Obigies;Ja;Henegouwen
7034;Obourg;Ja;Henegouwen
6890;Ochamps;Ja;Luxemburg
4560;Ocquier;Ja;Luik
6960;Odeigne;Ja;Luxemburg
4367;Odeur;Ja;Luik
8730;Oedelem;Ja;West-Vlaanderen
8800;Oekene;Ja;West-Vlaanderen
2520;Oelegem;Ja;Antwerpen
8690;Oeren;Ja;West-Vlaanderen
8720;Oeselgem;Ja;West-Vlaanderen
1755;Oetingen;Ja;Vlaams-Brabant
7911;Oeudeghien;Ja;Henegouwen
2260;Oevel;Ja;Antwerpen
6850;Offagne;Ja;Luxemburg
1934;Office Exchange Brussels Airpor Remailing;;
7862;Ogy;Ja;Henegouwen
1380;Ohain;Ja;Waals-Brabant
5350;OHEY;Neen;Namen
5670;Oignies-En-Thiérache;Ja;Namen
1480;Oisquercq;Ja;Waals-Brabant
5555;Oizy;Ja;Namen
9400;Okegem;Ja;Oost-Vlaanderen 
2250;OLEN;Neen;Antwerpen
4300;Oleye;Ja;Luik
7866;Ollignies;Ja;Henegouwen
5670;Olloy-Sur-Viroin;Ja;Namen
2491;Olmen;Ja;Antwerpen
4877;OLNE;Neen;Luik
9870;Olsene;Ja;Oost-Vlaanderen 
4252;Omal;Ja;Luik
4540;Ombret;Ja;Luik
5600;Omezée;Ja;Namen
6900;On;Ja;Luxemburg
5520;ONHAYE;Neen;Namen
9500;Onkerzele;Ja;Oost-Vlaanderen 
7387;Onnezies;Ja;Henegouwen
5190;Onoz;Ja;Namen
1760;Onze-Lieve-Vrouw-Lombeek;Ja;Vlaams-Brabant
2861;Onze-Lieve-Vrouw-Waver;Ja;Antwerpen
8710;Ooigem;Ja;West-Vlaanderen
9700;Ooike;Ja;Oost-Vlaanderen 
9790;Ooike;Ja;Oost-Vlaanderen 
9520;Oombergen;Ja;Oost-Vlaanderen 
9620;Oombergen;Ja;Oost-Vlaanderen 
3300;Oorbeek;Ja;Vlaams-Brabant
9340;Oordegem;Ja;Oost-Vlaanderen 
9041;Oostakker;Ja;Oost-Vlaanderen 
8670;Oostduinkerke;Ja;West-Vlaanderen
9968;Oosteeklo;Ja;Oost-Vlaanderen 
8400;OOSTENDE;Neen;West-Vlaanderen
9860;OOSTERZELE;Neen;Oost-Vlaanderen 
3945;Oostham;Ja;Limburg
8020;OOSTKAMP;Neen;West-Vlaanderen
8340;Oostkerke;Ja;West-Vlaanderen
8600;Oostkerke;Ja;West-Vlaanderen
2390;Oostmalle;Ja;Antwerpen
8840;Oostnieuwkerke;Ja;West-Vlaanderen
8780;OOSTROZEBEKE;Neen;West-Vlaanderen
8640;Oostvleteren;Ja;West-Vlaanderen
9931;Oostwinkel;Ja;Oost-Vlaanderen 
9660;Opbrakel;Ja;Oost-Vlaanderen 
9255;Opdorp;Ja;Oost-Vlaanderen 
3660;OPGLABBEEK;Neen;Limburg
3630;Opgrimbie;Ja;Limburg
1421;Ophain-Bois-Seigneur-Isaac;Ja;Waals-Brabant
9500;Ophasselt;Ja;Oost-Vlaanderen 
3870;Opheers;Ja;Limburg
1357;Opheylissem;Ja;Waals-Brabant
3640;Ophoven;Ja;Limburg
3960;Opitter;Ja;Limburg
3300;Oplinter;Ja;Vlaams-Brabant
3680;Opoeteren;Ja;Limburg
6852;Opont;Ja;Luxemburg
1315;Opprebais;Ja;Waals-Brabant
2890;Oppuurs;Ja;Antwerpen
3360;Opvelp;Ja;Vlaams-Brabant
1745;OPWIJK;Neen;Vlaams-Brabant
1360;Orbais;Ja;Waals-Brabant
5550;Orchimont;Ja;Namen
7501;Orcq;Ja;Henegouwen
3800;Ordingen;Ja;Limburg
5640;Oret;Ja;Namen
4360;OREYE;Neen;Luik
6880;Orgeo;Ja;Luxemburg
7802;Ormeignies;Ja;Henegouwen
1350;ORP-JAUCHE;Neen;Waals-Brabant
1350;Orp-Le-Grand;Ja;Waals-Brabant
7750;Orroir;Ja;Henegouwen
3350;Orsmaal-Gussenhoven;Ja;Vlaams-Brabant
6983;Ortho;Ja;Luxemburg
7804;Ostiches;Ja;Henegouwen
8553;Otegem;Ja;West-Vlaanderen
4210;Oteppe;Ja;Luik
4340;Othée;Ja;Luik
4360;Otrange;Ja;Luik
3040;Ottenburg;Ja;Vlaams-Brabant
9420;Ottergem;Ja;Oost-Vlaanderen 
1340;Ottignies;Ja;Waals-Brabant
1340;OTTIGNIES-LOUVAIN-LA-NEUVE;Neen;Waals-Brabant
3050;OUD-HEVERLEE;Neen;Vlaams-Brabant
2360;OUD-TURNHOUT;Neen;Antwerpen
9200;Oudegem;Ja;Oost-Vlaanderen 
8600;Oudekapelle;Ja;West-Vlaanderen
9700;OUDENAARDE;Neen;Oost-Vlaanderen 
1600;Oudenaken;Ja;Vlaams-Brabant
8460;OUDENBURG;Neen;West-Vlaanderen
1160;OUDERGEM;Neen;Brussel (19 gemeenten)
4590;OUFFET;Neen;Luik
4102;Ougrée;Ja;Luik
4680;OUPEYE;Neen;Luik
9406;Outer;Ja;Oost-Vlaanderen 
3321;Outgaarden;Ja;Vlaams-Brabant
4577;Outrelouxhe;Ja;Luik
8582;Outrijve;Ja;West-Vlaanderen
9750;Ouwegem;Ja;Oost-Vlaanderen 
9500;Overboelare;Ja;Oost-Vlaanderen 
3350;Overhespen;Ja;Vlaams-Brabant
3090;OVERIJSE;Neen;Vlaams-Brabant
9290;Overmere;Ja;Oost-Vlaanderen 
3900;OVERPELT;Neen;Limburg
3700;Overrepen;Ja;Limburg
3400;Overwinden;Ja;Vlaams-Brabant
3583;Paal;Ja;Limburg
4452;Paifve;Ja;Luik
4560;Pailhe;Ja;Luik
6850;PALISEUL;Neen;Luxemburg
1760;Pamel;Ja;Vlaams-Brabant
7861;Papignies;Ja;Henegouwen
9661;Parike;Ja;Oost-Vlaanderen 
1012;Parlement de la communauté française;;
5012;Parlement Wallon;;
8980;Passendale;Ja;West-Vlaanderen
5575;Patignies;Ja;Namen
7340;Paturages;Ja;Henegouwen
9630;Paulatem;Ja;Oost-Vlaanderen 
7740;PECQ;Neen;Henegouwen
3990;PEER;Neen;Limburg
7120;Peissant;Ja;Henegouwen
4287;Pellaines;Ja;Luik
3212;Pellenberg;Ja;Vlaams-Brabant
1670;PEPINGEN;Neen;Vlaams-Brabant
4860;PEPINSTER;Neen;Luik
1820;Perk;Ja;Vlaams-Brabant
7640;Péronnes-Lez-Antoing;Ja;Henegouwen
7134;Péronnes-Lez-Binche;Ja;Henegouwen
7600;PÉRUWELZ;Neen;Henegouwen
8600;Pervijze;Ja;West-Vlaanderen
1360;PERWEZ;Neen;Waals-Brabant
5352;Perwez-Haillot;Ja;Namen
5660;Pesche;Ja;Namen
5590;Pessoux;Ja;Namen
9800;Petegem-Aan-De-Leie;Ja;Oost-Vlaanderen 
9790;Petegem-Aan-De-Schelde;Ja;Oost-Vlaanderen 
5660;Petigny;Ja;Namen
5555;Petit-Fays;Ja;Namen
4280;Petit-Hallet;Ja;Luik
4800;Petit-Rechain;Ja;Luik
7090;Petit-Roeulx-Lez-Braine;Ja;Henegouwen
7181;Petit-Roeulx-Lez-Nivelles;Ja;Henegouwen
6692;Petit-Thier;Ja;Luxemburg
5660;Petite-Chapelle;Ja;Namen
1800;Peutie;Ja;Vlaams-Brabant
5600;PHILIPPEVILLE;Neen;Namen
7160;Piéton;Ja;Henegouwen
1370;Piétrain;Ja;Waals-Brabant
1315;Piètrebais;Ja;Waals-Brabant
7904;Pipaix;Ja;Henegouwen
3700;Piringen;Ja;Limburg
6240;Pironchamps;Ja;Henegouwen
8740;PITTEM;Neen;West-Vlaanderen
4122;Plainevaux;Ja;Luik
1380;Plancenoit;Ja;Waals-Brabant
7782;Ploegsteert;Ja;Henegouwen
4850;PLOMBIÈRES;Neen;Luik
2275;Poederlee;Ja;Antwerpen
9880;Poeke;Ja;Oost-Vlaanderen 
8920;Poelkapelle;Ja;West-Vlaanderen
9850;Poesele;Ja;Oost-Vlaanderen 
9401;Pollare;Ja;Oost-Vlaanderen 
4800;Polleur;Ja;Luik
4910;Polleur;Ja;Luik
8647;Pollinkhove;Ja;West-Vlaanderen
7322;Pommeroeul;Ja;Henegouwen
5574;Pondrôme;Ja;Namen
6230;PONT-À-CELLES;Neen;Henegouwen
6250;Pont-De-Loup;Ja;Henegouwen
5380;Pontillas;Ja;Namen
8970;POPERINGE;Neen;West-Vlaanderen
2382;Poppel;Ja;Antwerpen
7760;Popuelles;Ja;Henegouwen
5370;Porcheresse;Ja;Namen
6929;Porcheresse;Ja;Luxemburg
1100;Postcheque;;
7760;Pottes;Ja;Henegouwen
4280;Poucet;Ja;Luik
4171;Poulseur;Ja;Luik
6830;Poupehan;Ja;Luxemburg
4350;Pousset;Ja;Luik
5660;Presgaux;Ja;Namen
6250;Presles;Ja;Henegouwen
5170;PROFONDEVILLE;Neen;Namen
8972;Proven;Ja;West-Vlaanderen
5650;Pry;Ja;Namen
2242;Pulderbos;Ja;Antwerpen
2243;Pulle;Ja;Antwerpen
5530;Purnode;Ja;Namen
5550;Pussemange;Ja;Namen
2580;PUTTE;Neen;Antwerpen
2870;PUURS;Neen;Antwerpen
7390;QUAREGNON;Neen;Henegouwen
7540;Quartes;Ja;Henegouwen
1430;Quenast;Ja;Waals-Brabant
4610;Queue-Du-Bois;Ja;Luik
7972;Quevaucamps;Ja;Henegouwen
7040;QUÉVY;Neen;Henegouwen
7040;Quévy-Le-Grand;Ja;Henegouwen
7040;Quévy-Le-Petit;Ja;Henegouwen
7380;QUIÉVRAIN;Neen;Henegouwen
1006;Raad van de Vlaamse Gemeenschapscommissie;;
6792;Rachecourt;Ja;Luxemburg
4287;Racour;Ja;Luik
4730;RAEREN;Neen;Luik
6532;Ragnies;Ja;Henegouwen
4987;Rahier;Ja;Luik
7971;Ramegnies;Ja;Henegouwen
7520;Ramegnies-Chin;Ja;Henegouwen
4557;Ramelot;Ja;Luik
1367;RAMILLIES;Neen;Waals-Brabant
1880;Ramsdonk;Ja;Vlaams-Brabant
2230;Ramsel;Ja;Antwerpen
8301;Ramskapelle;Ja;West-Vlaanderen
8620;Ramskapelle;Ja;West-Vlaanderen
6470;Rance;Ja;Henegouwen
6043;Ransart;Ja;Henegouwen
3470;Ransberg;Ja;Vlaams-Brabant
2520;RANST;Neen;Antwerpen
2380;RAVELS;Neen;Antwerpen
7804;Rebaix;Ja;Henegouwen
1430;REBECQ;Neen;Waals-Brabant
1430;Rebecq-Rognon;Ja;Waals-Brabant
4780;Recht;Ja;Luik
6800;Recogne;Ja;Luxemburg
6890;Redu;Ja;Luxemburg
2840;Reet;Ja;Antwerpen
3621;Rekem;Ja;Limburg
8930;Rekkem;Ja;West-Vlaanderen
1731;Relegem;Ja;Vlaams-Brabant
6800;Remagne;Ja;Luxemburg
3791;Remersdaal;Ja;Limburg
4350;REMICOURT;Neen;Luik
6987;RENDEUX;Neen;Luxemburg
8647;Reninge;Ja;West-Vlaanderen
8970;Reningelst;Ja;West-Vlaanderen
6500;Renlies;Ja;Henegouwen
3950;Reppel;Ja;Limburg
7134;Ressaix;Ja;Henegouwen
9551;Ressegem;Ja;Oost-Vlaanderen 
6927;Resteigne;Ja;Luxemburg
2470;RETIE;Neen;Antwerpen
4621;Retinne;Ja;Luik
4790;Reuland;Ja;Luik
6210;Rèves;Ja;Henegouwen
5080;Rhisnes;Ja;Namen
4600;Richelle;Ja;Luik
3770;RIEMST;Neen;Limburg
5575;Rienne;Ja;Namen
6464;Rièzes;Ja;Henegouwen
3840;Rijkel;Ja;Limburg
2310;RIJKEVORSEL;Neen;Antwerpen
3740;Rijkhoven;Ja;Limburg
2820;Rijmenam;Ja;Antwerpen
3700;Riksingen;Ja;Limburg
3202;Rillaar;Ja;Vlaams-Brabant
5170;Rivière;Ja;Namen
1330;RIXENSART;Neen;Waals-Brabant
6460;Robechies;Ja;Henegouwen
6769;Robelmont;Ja;Luxemburg
4950;Robertville;Ja;Luik
9630;Roborst;Ja;Oost-Vlaanderen 
5580;ROCHEFORT;Neen;Namen
6830;Rochehaut;Ja;Luxemburg
4761;Rocherath;Ja;Luik
4690;Roclenge-Sur-Geer;Ja;Luik
4000;Rocourt;Ja;Luik
8972;Roesbrugge-Haringe;Ja;West-Vlaanderen
8800;ROESELARE;Neen;West-Vlaanderen
5651;Rognée;Ja;Namen
7387;Roisin;Ja;Henegouwen
8460;Roksem;Ja;West-Vlaanderen
8510;Rollegem;Ja;West-Vlaanderen
8880;Rollegem-Kapelle;Ja;West-Vlaanderen
4347;Roloux;Ja;Luik
5600;Roly;Ja;Namen
5600;Romedenne;Ja;Namen
5680;Romerée;Ja;Namen
3730;Romershoven;Ja;Limburg
4624;Romsée;Ja;Luik
7623;Rongy;Ja;Henegouwen
7090;Ronquières;Ja;Henegouwen
9600;RONSE;Neen;Oost-Vlaanderen 
9932;Ronsele;Ja;Oost-Vlaanderen 
3370;Roosbeek;Ja;Vlaams-Brabant
1760;ROOSDAAL;Neen;Vlaams-Brabant
5620;Rosée;Ja;Namen
6250;Roselies;Ja;Henegouwen
1331;Rosières;Ja;Waals-Brabant
3740;Rosmeer;Ja;Limburg
4257;Rosoux-Crenwick;Ja;Luik
6730;Rossignol;Ja;Luxemburg
3650;Rotem;Ja;Limburg
4120;Rotheux-Rimière;Ja;Luik
3110;ROTSELAAR;Neen;Vlaams-Brabant
7601;Roucourt;Ja;Henegouwen
7120;Rouveroy;Ja;Henegouwen
4140;Rouvreux;Ja;Luik
6767;ROUVROY;Neen;Luxemburg
6044;Roux;Ja;Henegouwen
1315;Roux-Miroir;Ja;Waals-Brabant
6900;Roy;Ja;Luxemburg
9630;Rozebeke;Ja;Oost-Vlaanderen 
1044;RTBF;;
1033;RTL-TVI;;
8020;Ruddervoorde;Ja;West-Vlaanderen
6760;Ruette;Ja;Luxemburg
9690;Ruien;Ja;Oost-Vlaanderen 
1601;Ruisbroek;Ja;Vlaams-Brabant
2870;Ruisbroek;Ja;Antwerpen
8755;RUISELEDE;Neen;West-Vlaanderen
3870;Rukkelingen-Loon;Ja;Limburg
6724;Rulles;Ja;Luxemburg
8800;Rumbeke;Ja;West-Vlaanderen
7610;RUMES;Neen;Henegouwen
7540;Rumillies;Ja;Henegouwen
3454;Rummen;Ja;Vlaams-Brabant
3400;Rumsdorp;Ja;Vlaams-Brabant
2840;RUMST;Neen;Antwerpen
3803;Runkelen;Ja;Limburg
9150;Rupelmonde;Ja;Oost-Vlaanderen 
7750;Russeignies;Ja;Henegouwen
3700;Rutten;Ja;Limburg
3798;S Gravenvoeren;Ja;Limburg
5010;SA SudPresse;;
6221;Saint-Amand;Ja;Henegouwen
4606;Saint-André;Ja;Luik
5620;Saint-Aubin;Ja;Namen
7034;Saint-Denis;Ja;Henegouwen
5081;Saint-Denis-Bovesse;Ja;Namen
4470;SAINT-GEORGES-SUR-MEUSE;Neen;Luik
5640;Saint-Gérard;Ja;Namen
5310;Saint-Germain;Ja;Namen
1450;Saint-Géry;Ja;Waals-Brabant
7330;SAINT-GHISLAIN;Neen;Henegouwen
6870;SAINT-HUBERT;Neen;Luxemburg
1370;Saint-Jean-Geest;Ja;Waals-Brabant
6747;SAINT-LÉGER;Neen;Luxemburg
7730;Saint-Léger;Ja;Henegouwen
5003;Saint-Marc;Ja;Namen
6762;Saint-Mard;Ja;Luxemburg
5190;Saint-Martin;Ja;Namen
7500;Saint-Maur;Ja;Henegouwen
6887;Saint-Médard;Ja;Luxemburg
4420;SAINT-NICOLAS;Neen;Luik
6800;Saint-Pierre;Ja;Luxemburg
4672;Saint-Remy;Ja;Luik
6460;Saint-Remy;Ja;Henegouwen
1370;Saint-Remy-Geest;Ja;Waals-Brabant
7912;Saint-Sauveur;Ja;Henegouwen
5002;Saint-Servais;Ja;Namen
4550;Saint-Séverin;Ja;Luik
7030;Saint-Symphorien;Ja;Henegouwen
7100;Saint-Vaast;Ja;Henegouwen
6730;Saint-Vincent;Ja;Luxemburg
6820;Sainte-Cécile;Ja;Luxemburg
6800;Sainte-Marie-Chevigny;Ja;Luxemburg
6740;Sainte-Marie-Sur-Semois;Ja;Luxemburg
6680;SAINTE-ODE;Neen;Luxemburg
1480;Saintes;Ja;Waals-Brabant
4671;Saive;Ja;Luik
6460;Salles;Ja;Henegouwen
5600;Samart;Ja;Namen
5060;SAMBREVILLE;Neen;Namen
6982;Samrée;Ja;Luxemburg
4780;SANKT-VITH;Neen;Luik
7080;Sars-La-Bruyère;Ja;Henegouwen
6542;Sars-La-Buissière;Ja;Henegouwen
5330;Sart-Bernard;Ja;Namen
5575;Sart-Custinne;Ja;Namen
1495;Sart-Dames-Avelines;Ja;Waals-Brabant
5600;Sart-En-Fagne;Ja;Namen
5070;Sart-Eustache;Ja;Namen
4845;Sart-Lez-Spa;Ja;Luik
5070;Sart-Saint-Laurent;Ja;Namen
6470;Sautin;Ja;Henegouwen
5600;Sautour;Ja;Namen
5030;Sauvenière;Ja;Namen
1101;Scanning;;
1030;SCHAARBEEK;Neen;Brussel (19 gemeenten)
3290;Schaffen;Ja;Vlaams-Brabant
3732;Schalkhoven;Ja;Limburg
5364;Schaltin;Ja;Namen
9820;Schelderode;Ja;Oost-Vlaanderen 
9860;Scheldewindeke;Ja;Oost-Vlaanderen 
2627;SCHELLE;Neen;Antwerpen
9260;Schellebelle;Ja;Oost-Vlaanderen 
9506;Schendelbeke;Ja;Oost-Vlaanderen 
1703;Schepdaal;Ja;Vlaams-Brabant
3270;Scherpenheuvel;Ja;Vlaams-Brabant
3270;SCHERPENHEUVEL-ZICHEM;Neen;Vlaams-Brabant
2970;SCHILDE;Neen;Antwerpen
9200;Schoonaarde;Ja;Oost-Vlaanderen 
8433;Schore;Ja;West-Vlaanderen
9688;Schorisse;Ja;Oost-Vlaanderen 
2900;SCHOTEN;Neen;Antwerpen
2223;Schriek;Ja;Antwerpen
8700;Schuiferskapelle;Ja;West-Vlaanderen
3540;Schulen;Ja;Limburg
4782;Schönberg;Ja;Luik
5300;Sclayn;Ja;Namen
5361;Scy;Ja;Namen
5300;Seilles;Ja;Namen
6781;Sélange;Ja;Luxemburg
6596;Seloignes;Ja;Henegouwen
9890;Semmerzake;Ja;Oost-Vlaanderen 
7180;SENEFFE;Neen;Henegouwen
6832;Sensenruth;Ja;Luxemburg
4557;Seny;Ja;Luik
5630;Senzeille;Ja;Namen
6940;Septon;Ja;Luxemburg
4100;SERAING;Neen;Luik
4537;Seraing-Le-Château;Ja;Luik
5590;Serinchamps;Ja;Namen
9260;Serskamp;Ja;Oost-Vlaanderen 
5521;Serville;Ja;Namen
7010;SHAPE;;
6640;Sibret;Ja;Luxemburg
6750;Signeulx;Ja;Luxemburg
8340;Sijsele;Ja;West-Vlaanderen
5630;Silenrieux;Ja;Namen
7830;SILLY;Neen;Henegouwen
9112;Sinaai-Waas;Ja;Oost-Vlaanderen 
5377;Sinsin;Ja;Namen
1082;SINT-AGATHA-BERCHEM;Neen;Brussel (19 gemeenten)
3040;Sint-Agatha-Rode;Ja;Vlaams-Brabant
2890;SINT-AMANDS;Neen;Antwerpen
9040;Sint-Amandsberg;Ja;Oost-Vlaanderen 
8200;Sint-Andries;Ja;West-Vlaanderen
9550;Sint-Antelinks;Ja;Oost-Vlaanderen 
8710;Sint-Baafs-Vijve;Ja;West-Vlaanderen
9630;Sint-Blasius-Boekel;Ja;Oost-Vlaanderen 
8554;Sint-Denijs;Ja;West-Vlaanderen
9630;Sint-Denijs-Boekel;Ja;Oost-Vlaanderen 
9051;Sint-Denijs-Westrem;Ja;Oost-Vlaanderen 
8793;Sint-Eloois-Vijve;Ja;West-Vlaanderen
8880;Sint-Eloois-Winkel;Ja;West-Vlaanderen
1640;SINT-GENESIUS-RODE;Neen;Vlaams-Brabant
1060;SINT-GILLIS;Neen;Brussel (19 gemeenten)
9200;Sint-Gillis-Dendermonde;Ja;Oost-Vlaanderen 
9170;SINT-GILLIS-WAAS;Neen;Oost-Vlaanderen 
9620;Sint-Goriks-Oudenhove;Ja;Oost-Vlaanderen 
3730;Sint-Huibrechts-Hern;Ja;Limburg
3910;Sint-Huibrechts-Lille;Ja;Limburg
8600;Sint-Jacobs-Kapelle;Ja;West-Vlaanderen
8900;Sint-Jan;Ja;West-Vlaanderen
9982;Sint-Jan-In-Eremo;Ja;Oost-Vlaanderen 
1080;SINT-JANS-MOLENBEEK;Neen;Brussel (19 gemeenten)
2960;Sint-Job-In-'T-Goor;Ja;Antwerpen
1210;SINT-JOOST-TEN-NOODE;Neen;Brussel (19 gemeenten)
8620;Sint-Joris;Ja;West-Vlaanderen
8730;Sint-Joris;Ja;West-Vlaanderen
3051;Sint-Joris-Weert;Ja;Vlaams-Brabant
3390;Sint-Joris-Winge;Ja;Vlaams-Brabant
2860;SINT-KATELIJNE-WAVER;Neen;Antwerpen
1742;Sint-Katherina-Lombeek;Ja;Vlaams-Brabant
9667;Sint-Kornelis-Horebeke;Ja;Oost-Vlaanderen 
8310;Sint-Kruis;Ja;West-Vlaanderen
9042;Sint-Kruis-Winkel;Ja;Oost-Vlaanderen 
1750;Sint-Kwintens-Lennik;Ja;Vlaams-Brabant
3500;Sint-Lambrechts-Herk;Ja;Limburg
1200;SINT-LAMBRECHTS-WOLUWE;Neen;Brussel (19 gemeenten)
9980;SINT-LAUREINS;Neen;Oost-Vlaanderen 
1600;Sint-Laureins-Berchem;Ja;Vlaams-Brabant
2960;Sint-Lenaarts;Ja;Antwerpen
9550;Sint-Lievens-Esse;Ja;Oost-Vlaanderen 
9520;SINT-LIEVENS-HOUTEM;Neen;Oost-Vlaanderen 
9981;Sint-Margriete;Ja;Oost-Vlaanderen 
3300;Sint-Margriete-Houtem;Ja;Vlaams-Brabant
3470;Sint-Margriete-Houtem;Ja;Vlaams-Brabant
9667;Sint-Maria-Horebeke;Ja;Oost-Vlaanderen 
9630;Sint-Maria-Latem;Ja;Oost-Vlaanderen 
9570;Sint-Maria-Lierde;Ja;Oost-Vlaanderen 
9620;Sint-Maria-Oudenhove;Ja;Oost-Vlaanderen 
9660;Sint-Maria-Oudenhove;Ja;Oost-Vlaanderen 
1700;Sint-Martens-Bodegem;Ja;Vlaams-Brabant
9830;SINT-MARTENS-LATEM;Neen;Oost-Vlaanderen 
9800;Sint-Martens-Leerne;Ja;Oost-Vlaanderen 
1750;Sint-Martens-Lennik;Ja;Vlaams-Brabant
9572;Sint-Martens-Lierde;Ja;Oost-Vlaanderen 
3790;Sint-Martens-Voeren;Ja;Limburg
8200;Sint-Michiels;Ja;West-Vlaanderen
9100;SINT-NIKLAAS;Neen;Oost-Vlaanderen 
9170;Sint-Pauwels;Ja;Oost-Vlaanderen 
1541;Sint-Pieters-Kapelle;Ja;Vlaams-Brabant
8433;Sint-Pieters-Kapelle;Ja;West-Vlaanderen
1600;SINT-PIETERS-LEEUW;Neen;Vlaams-Brabant
3220;Sint-Pieters-Rode;Ja;Vlaams-Brabant
3792;Sint-Pieters-Voeren;Ja;Limburg
1150;SINT-PIETERS-WOLUWE;Neen;Brussel (19 gemeenten)
8690;Sint-Rijkers;Ja;West-Vlaanderen
1932;Sint-Stevens-Woluwe;Ja;Vlaams-Brabant
3800;SINT-TRUIDEN;Neen;Limburg
1700;Sint-Ulriks-Kapelle;Ja;Vlaams-Brabant
0612;Sinterklaas;;
4851;Sippenaeken;Ja;Luik
7332;Sirault;Ja;Henegouwen
6470;Sivry;Ja;Henegouwen
6470;SIVRY-RANCE;Neen;Henegouwen
9940;Sleidinge;Ja;Oost-Vlaanderen 
8433;Slijpe;Ja;West-Vlaanderen
4450;Slins;Ja;Luik
3700;Sluizen;Ja;Limburg
9506;Smeerebbe-Vloerzegem;Ja;Oost-Vlaanderen 
9340;Smetlede;Ja;Oost-Vlaanderen 
6890;Smuid;Ja;Luxemburg
8470;Snaaskerke;Ja;West-Vlaanderen
8490;Snellegem;Ja;West-Vlaanderen
1105;SOC;;
4557;Soheit-Tinlot;Ja;Luik
6920;Sohier;Ja;Luxemburg
7060;SOIGNIES;Neen;Henegouwen
4861;Soiron;Ja;Luik
6500;Solre-Saint-Géry;Ja;Henegouwen
6560;Solre-Sur-Sambre;Ja;Henegouwen
5140;SOMBREFFE;Neen;Namen
5377;SOMME-LEUZE;Neen;Namen
6769;Sommethonne;Ja;Luxemburg
5523;Sommière;Ja;Namen
5651;Somzée;Ja;Namen
5340;Sorée;Ja;Namen
5333;Sorinne-La-Longue;Ja;Namen
5503;Sorinnes;Ja;Namen
5537;Sosoye;Ja;Namen
4920;Sougné-Remouchamps;Ja;Luik
5680;Soulme;Ja;Namen
4630;SOUMAGNE;Neen;Luik
5630;Soumoy;Ja;Namen
4950;Sourbrodt;Ja;Luik
6182;Souvret;Ja;Henegouwen
5590;Sovet;Ja;Namen
6997;Soy;Ja;Luxemburg
5150;Soye;Ja;Namen
4900;SPA;Neen;Luik
3510;Spalbeek;Ja;Limburg
7032;Spiennes;Ja;Henegouwen
8587;Spiere;Ja;West-Vlaanderen
8587;SPIERE-HELKIJN;Neen;West-Vlaanderen
5530;Spontin;Ja;Namen
4140;SPRIMONT;Neen;Luik
5190;Spy;Ja;Namen
2940;STABROEK;Neen;Antwerpen
8840;STADEN;Neen;West-Vlaanderen
8490;Stalhille;Ja;West-Vlaanderen
7973;Stambruges;Ja;Henegouwen
5646;Stave;Ja;Namen
8691;Stavele;Ja;West-Vlaanderen
4970;STAVELOT;Neen;Luik
9140;Steendorp;Ja;Oost-Vlaanderen 
1840;Steenhuffel;Ja;Vlaams-Brabant
9550;Steenhuize-Wijnhuize;Ja;Oost-Vlaanderen 
8630;Steenkerke;Ja;West-Vlaanderen
7090;Steenkerque;Ja;Henegouwen
1820;STEENOKKERZEEL;Neen;Vlaams-Brabant
9190;STEKENE;Neen;Oost-Vlaanderen 
4801;Stembert;Ja;Luik
8400;Stene;Ja;West-Vlaanderen
1933;Sterrebeek;Ja;Vlaams-Brabant
3512;Stevoort;Ja;Limburg
3650;Stokkem;Ja;Limburg
3511;Stokrooie;Ja;Limburg
4987;STOUMONT;Neen;Luik
6887;Straimont;Ja;Luxemburg
6511;Strée;Ja;Henegouwen
4577;Strée-Lez-Huy;Ja;Luik
7110;Strépy-Bracquegnies;Ja;Henegouwen
9620;Strijpen;Ja;Oost-Vlaanderen 
1760;Strijtem;Ja;Vlaams-Brabant
1853;Strombeek-Bever;Ja;Vlaams-Brabant
8600;Stuivekenskerke;Ja;West-Vlaanderen
5020;Suarlée;Ja;Namen
5550;Sugny;Ja;Namen
5600;Surice;Ja;Namen
6812;Suxy;Ja;Luxemburg
6661;Tailles;Ja;Luxemburg
7618;Taintignies;Ja;Henegouwen
5060;Tamines;Ja;Namen
5651;Tarcienne;Ja;Namen
4163;Tavier;Ja;Luik
5310;Taviers;Ja;Namen
6662;Tavigny;Ja;Luxemburg
6927;TELLIN;Neen;Luxemburg
7520;Templeuve;Ja;Henegouwen
5020;Temploux;Ja;Namen
9140;TEMSE;Neen;Oost-Vlaanderen 
6970;TENNEVILLE;Neen;Luxemburg
1790;Teralfene;Ja;Vlaams-Brabant
2840;Terhagen;Ja;Antwerpen
6813;Termes;Ja;Luxemburg
1740;TERNAT;Neen;Vlaams-Brabant
7333;Tertre;Ja;Henegouwen
3080;TERVUREN;Neen;Vlaams-Brabant
4560;Terwagne;Ja;Luik
3980;TESSENDERLO;Neen;Limburg
3272;Testelt;Ja;Vlaams-Brabant
3793;Teuven;Ja;Limburg
4910;THEUX;Neen;Luik
6717;Thiaumont;Ja;Luxemburg
7070;Thieu;Ja;Henegouwen
7901;Thieulain;Ja;Henegouwen
7061;Thieusies;Ja;Henegouwen
6230;Thiméon;Ja;Henegouwen
4890;Thimister;Ja;Luik
4890;THIMISTER-CLERMONT;Neen;Luik
7533;Thimougies;Ja;Henegouwen
1402;Thines;Ja;Waals-Brabant
6500;Thirimont;Ja;Henegouwen
4280;Thisnes;Ja;Luik
4791;Thommen;Ja;Luik
5300;Thon;Ja;Namen
1360;Thorembais-Les-Béguines;Ja;Waals-Brabant
1360;Thorembais-Saint-Trond;Ja;Waals-Brabant
7830;Thoricourt;Ja;Henegouwen
6536;Thuillies;Ja;Henegouwen
6530;THUIN;Neen;Henegouwen
7350;Thulin;Ja;Henegouwen
7971;Thumaide;Ja;Henegouwen
5621;Thy-Le-Baudouin;Ja;Namen
5651;Thy-Le-Château;Ja;Namen
5502;Thynes;Ja;Namen
4367;Thys;Ja;Luik
8573;Tiegem;Ja;West-Vlaanderen
2460;Tielen;Ja;Antwerpen
9140;Tielrode;Ja;Oost-Vlaanderen 
3390;Tielt;Ja;Vlaams-Brabant
8700;TIELT;Neen;West-Vlaanderen
3390;TIELT-WINGE;Neen;Vlaams-Brabant
3300;TIENEN;Neen;Vlaams-Brabant
4630;Tignée;Ja;Luik
4500;Tihange;Ja;Luik
3150;Tildonk;Ja;Vlaams-Brabant
4130;Tilff;Ja;Luik
6680;Tillet;Ja;Luxemburg
4420;Tilleur;Ja;Luik
5380;Tillier;Ja;Namen
1495;Tilly;Ja;Waals-Brabant
4557;TINLOT;Neen;Luik
6637;Tintange;Ja;Luxemburg
6730;TINTIGNY;Neen;Luxemburg
2830;Tisselt;Ja;Antwerpen
6700;Toernich;Ja;Luxemburg
6941;Tohogne;Ja;Luxemburg
1570;Tollembeek;Ja;Vlaams-Brabant
3700;TONGEREN;Neen;Limburg
2260;Tongerlo;Ja;Antwerpen
3960;Tongerlo;Ja;Limburg
7951;Tongre-Notre-Dame;Ja;Henegouwen
7950;Tongre-Saint-Martin;Ja;Henegouwen
5140;Tongrinne;Ja;Namen
6717;Tontelange;Ja;Luxemburg
6767;Torgny;Ja;Luxemburg
8820;TORHOUT;Neen;West-Vlaanderen
4263;Tourinne;Ja;Luik
1320;Tourinnes-La-Grosse;Ja;Waals-Brabant
1457;Tourinnes-Saint-Lambert;Ja;Waals-Brabant
7500;TOURNAI;Neen;Henegouwen
6840;Tournay;Ja;Luxemburg
7904;Tourpes;Ja;Henegouwen
6890;Transinne;Ja;Luxemburg
6183;Trazegnies;Ja;Henegouwen
5670;Treignes;Ja;Namen
4670;Trembleur;Ja;Luik
3120;TREMELO;Neen;Vlaams-Brabant
7100;Trivières;Ja;Henegouwen
4280;Trognée;Ja;Luik
4980;TROIS-PONTS;Neen;Luik
4870;TROOZ;Neen;Luik
1480;TUBIZE;Neen;Waals-Brabant
2300;TURNHOUT;Neen;Antwerpen
6833;Ucimont;Ja;Luxemburg
3631;Uikhoven;Ja;Limburg
9290;Uitbergen;Ja;Oost-Vlaanderen 
8370;Uitkerke;Ja;West-Vlaanderen
1180;UKKEL;Neen;Brussel (19 gemeenten)
3832;Ulbeek;Ja;Limburg
5310;Upigny;Ja;Namen
9910;Ursel;Ja;Oost-Vlaanderen 
3054;Vaalbeek;Ja;Vlaams-Brabant
3770;Val-Meer;Ja;Limburg
6741;Vance;Ja;Luxemburg
2431;Varendonk;Ja;Antwerpen
8490;Varsenare;Ja;West-Vlaanderen
5680;Vaucelles;Ja;Namen
7536;Vaulx;Ja;Henegouwen
6462;Vaulx-Lez-Chimay;Ja;Henegouwen
6960;Vaux-Chavanne;Ja;Luxemburg
4530;Vaux-Et-Borset;Ja;Luik
6640;Vaux-Lez-Rosières;Ja;Luxemburg
4051;Vaux-Sous-Chèvremont;Ja;Luik
6640;VAUX-SUR-SÛRE;Neen;Luxemburg
3870;Vechmaal;Ja;Limburg
5020;Vedrin;Ja;Namen
2431;Veerle;Ja;Antwerpen
5060;Velaine-Sur-Sambre;Ja;Namen
7760;Velaines;Ja;Henegouwen
8210;Veldegem;Ja;West-Vlaanderen
3620;Veldwezelt;Ja;Limburg
7120;Vellereille-Le-Sec;Ja;Henegouwen
7120;Vellereille-Les-Brayeux;Ja;Henegouwen
3806;Velm;Ja;Limburg
4460;Velroux;Ja;Luik
3020;Veltem-Beisem;Ja;Vlaams-Brabant
9620;Velzeke-Ruddershove;Ja;Oost-Vlaanderen 
5575;Vencimont;Ja;Namen
1005;Verenigde Vergadering van de Gemeenschappelijke ;;
6440;Vergnies;Ja;Henegouwen
4537;VERLAINE;Neen;Luik
5370;Verlée;Ja;Namen
9130;Verrebroek;Ja;Oost-Vlaanderen 
3370;Vertrijk;Ja;Vlaams-Brabant
4800;VERVIERS;Neen;Luik
6870;Vesqueville;Ja;Luxemburg
3870;Veulen;Ja;Limburg
8630;VEURNE;Neen;West-Vlaanderen
5300;Vezin;Ja;Namen
7538;Vezon;Ja;Henegouwen
9500;Viane;Ja;Oost-Vlaanderen 
8570;Vichte;Ja;West-Vlaanderen
6690;VIELSALM;Neen;Luxemburg
4317;Viemme;Ja;Luik
2240;Viersel;Ja;Antwerpen
4577;Vierset-Barse;Ja;Luik
5670;Vierves-Sur-Viroin;Ja;Namen
6230;Viesville;Ja;Henegouwen
1472;Vieux-Genappe;Ja;Waals-Brabant
4530;Vieux-Waleffe;Ja;Luik
4190;Vieuxville;Ja;Luik
6890;Villance;Ja;Luxemburg
4260;Ville-En-Hesbaye;Ja;Luik
7322;Ville-Pommeroeul;Ja;Henegouwen
7070;Ville-Sur-Haine;Ja;Henegouwen
7334;Villerot;Ja;Henegouwen
4161;Villers-Aux-Tours;Ja;Luik
5630;Villers-Deux-Eglises;Ja;Namen
6823;Villers-Devant-Orval;Ja;Luxemburg
5600;Villers-En-Fagne;Ja;Namen
4340;Villers-L'Evêque;Ja;Luik
6600;Villers-La-Bonne-Eau;Ja;Luxemburg
6769;Villers-La-Loue;Ja;Luxemburg
6460;Villers-La-Tour;Ja;Henegouwen
1495;VILLERS-LA-VILLE;Neen;Waals-Brabant
4530;VILLERS-LE-BOUILLET;Neen;Luik
5600;Villers-Le-Gambon;Ja;Namen
4280;Villers-Le-Peuplier;Ja;Luik
4550;Villers-Le-Temple;Ja;Luik
5080;Villers-Lez-Heest;Ja;Namen
7812;Villers-Notre-Dame;Ja;Henegouwen
6210;Villers-Perwin;Ja;Henegouwen
6280;Villers-Poterie;Ja;Henegouwen
7812;Villers-Saint-Amand;Ja;Henegouwen
7031;Villers-Saint-Ghislain;Ja;Henegouwen
4453;Villers-Saint-Siméon;Ja;Luik
6941;Villers-Sainte-Gertrude;Ja;Luxemburg
5580;Villers-Sur-Lesse;Ja;Namen
6740;Villers-Sur-Semois;Ja;Luxemburg
1800;VILVOORDE;Neen;Vlaams-Brabant
4520;Vinalmont;Ja;Luik
9921;Vinderhoute;Ja;Oost-Vlaanderen 
8630;Vinkem;Ja;West-Vlaanderen
9800;Vinkt;Ja;Oost-Vlaanderen 
6461;Virelles;Ja;Henegouwen
1460;Virginal-Samme;Ja;Waals-Brabant
5670;VIROINVAL;Neen;Namen
6760;VIRTON;Neen;Luxemburg
4600;VISÉ;Neen;Luik
3300;Vissenaken;Ja;Vlaams-Brabant
7511;Vitrine Magique;;
5070;Vitrival;Ja;Namen
4683;Vivegnis;Ja;Luik
6833;Vivy;Ja;Luxemburg
1011;Vlaams Parlement;;
8600;Vladslo;Ja;West-Vlaanderen
8908;Vlamertinge;Ja;West-Vlaanderen
9420;Vlekkem;Ja;Oost-Vlaanderen 
8640;VLETEREN;Neen;West-Vlaanderen
1602;Vlezenbeek;Ja;Vlaams-Brabant
3724;Vliermaal;Ja;Limburg
3721;Vliermaalroot;Ja;Limburg
9520;Vlierzele;Ja;Oost-Vlaanderen 
3770;Vlijtingen;Ja;Limburg
2340;Vlimmeren;Ja;Antwerpen
8421;Vlissegem;Ja;West-Vlaanderen
7880;VLOESBERG;Neen;Henegouwen
5600;Vodecée;Ja;Namen
5680;Vodelée;Ja;Namen
3790;VOEREN;Neen;Limburg
5650;Vogenée;Ja;Namen
9700;Volkegem;Ja;Oost-Vlaanderen 
1570;Vollezele;Ja;Vlaams-Brabant
5570;Vonêche;Ja;Namen
9400;Voorde;Ja;Oost-Vlaanderen 
8902;Voormezele;Ja;West-Vlaanderen
3840;Voort;Ja;Limburg
4347;Voroux-Goreux;Ja;Luik
4451;Voroux-Lez-Liers;Ja;Luik
2290;VORSELAAR;Neen;Antwerpen
3890;Vorsen;Ja;Limburg
1190;VORST;Neen;Brussel (19 gemeenten)
2430;Vorst;Ja;Antwerpen
2350;VOSSELAAR;Neen;Antwerpen
9850;Vosselare;Ja;Oost-Vlaanderen 
3080;Vossem;Ja;Vlaams-Brabant
4041;Vottem;Ja;Luik
9120;Vrasene;Ja;Oost-Vlaanderen 
2531;Vremde;Ja;Antwerpen
3700;Vreren;Ja;Limburg
5550;VRESSE-SUR-SEMOIS;Neen;Namen
3770;Vroenhoven;Ja;Limburg
1043;VRT;;
1818;VTM;;
3630;Vucht;Ja;Limburg
9890;Vurste;Ja;Oost-Vlaanderen 
4570;Vyle-Et-Tharoul;Ja;Luik
3473;Waanrode;Ja;Vlaams-Brabant
9506;Waarbeke;Ja;Oost-Vlaanderen 
8020;Waardamme;Ja;West-Vlaanderen
2550;Waarloos;Ja;Antwerpen
8581;Waarmaarde;Ja;West-Vlaanderen
9950;WAARSCHOOT;Neen;Oost-Vlaanderen 
3401;Waasmont;Ja;Vlaams-Brabant
9250;WAASMUNSTER;Neen;Oost-Vlaanderen 
7784;Waasten;Ja;Henegouwen
9185;WACHTEBEKE;Neen;Oost-Vlaanderen 
7971;Wadelincourt;Ja;Henegouwen
6223;Wagnelée;Ja;Henegouwen
6900;Waha;Ja;Luxemburg
5377;Waillet;Ja;Namen
8720;Wakken;Ja;West-Vlaanderen
5650;WALCOURT;Neen;Namen
2800;Walem;Ja;Antwerpen
1457;WALHAIN;Neen;Waals-Brabant
1457;Walhain-Saint-Paul;Ja;Waals-Brabant
4711;Walhorn;Ja;Luik
3401;Walsbets;Ja;Vlaams-Brabant
3401;Walshoutem;Ja;Vlaams-Brabant
3740;Waltwilder;Ja;Limburg
1741;Wambeek;Ja;Vlaams-Brabant
5570;Wancennes;Ja;Namen
4020;Wandre;Ja;Luik
6224;Wanfercée-Baulet;Ja;Henegouwen
3400;Wange;Ja;Vlaams-Brabant
6220;Wangenies;Ja;Henegouwen
5564;Wanlin;Ja;Namen
4980;Wanne;Ja;Luik
7861;Wannebecq;Ja;Henegouwen
9772;Wannegem-Lede;Ja;Oost-Vlaanderen 
4280;Wansin;Ja;Luik
4520;WANZE;Neen;Luik
9340;Wanzele;Ja;Oost-Vlaanderen 
7548;Warchin;Ja;Henegouwen
7740;Warcoing;Ja;Henegouwen
6600;Wardin;Ja;Luxemburg
8790;WAREGEM;Neen;West-Vlaanderen
4300;WAREMME;Neen;Luik
4217;Waret-L'Evêque;Ja;Luik
5310;Waret-La-Chaussée;Ja;Namen
5080;Warisoulx;Ja;Namen
5537;Warnant;Ja;Namen
4530;Warnant-Dreye;Ja;Luik
7340;Warquignies;Ja;Henegouwen
4608;Warsage;Ja;Luik
4590;Warzée;Ja;Luik
7340;Wasmes;Ja;Henegouwen
7604;Wasmes-Audemez-Briffoeil;Ja;Henegouwen
7390;Wasmuel;Ja;Henegouwen
4219;WASSEIGES;Neen;Luik
9988;Waterland-Oudeman;Ja;Oost-Vlaanderen 
1410;WATERLOO;Neen;Waals-Brabant
1170;WATERMAAL-BOSVOORDE;Neen;Brussel (19 gemeenten)
9988;Watervliet;Ja;Oost-Vlaanderen 
8978;Watou;Ja;West-Vlaanderen
7910;Wattripont;Ja;Henegouwen
7131;Waudrez;Ja;Henegouwen
5540;Waulsort;Ja;Namen
1440;Wauthier-Braine;Ja;Waals-Brabant
1300;WAVRE;Neen;Waals-Brabant
5580;Wavreille;Ja;Namen
6210;Wayaux;Ja;Henegouwen
1474;Ways;Ja;Waals-Brabant
3290;Webbekom;Ja;Vlaams-Brabant
2275;Wechelderzande;Ja;Antwerpen
2381;Weelde;Ja;Antwerpen
1982;Weerde;Ja;Vlaams-Brabant
2880;Weert;Ja;Antwerpen
4860;Wegnez;Ja;Luik
5523;Weillen;Ja;Namen
4950;WEISMES;Neen;Luik
9700;Welden;Ja;Oost-Vlaanderen 
4840;WELKENRAEDT;Neen;Luik
9473;Welle;Ja;Oost-Vlaanderen 
3830;WELLEN;Neen;Limburg
6920;WELLIN;Neen;Luxemburg
1780;WEMMEL;Neen;Vlaams-Brabant
8420;Wenduine;Ja;West-Vlaanderen
5100;Wépion;Ja;Namen
4190;Werbomont;Ja;Luik
3118;Werchter;Ja;Vlaams-Brabant
6940;Wéris;Ja;Luxemburg
8610;Werken;Ja;West-Vlaanderen
3730;Werm;Ja;Limburg
8940;WERVIK;Neen;West-Vlaanderen
3150;Wespelaar;Ja;Vlaams-Brabant
8434;Westende;Ja;West-Vlaanderen
2260;WESTERLO;Neen;Antwerpen
8300;Westkapelle;Ja;West-Vlaanderen
8460;Westkerke;Ja;West-Vlaanderen
2390;Westmalle;Ja;Antwerpen
2235;Westmeerbeek;Ja;Antwerpen
8954;Westouter;Ja;West-Vlaanderen
9230;Westrem;Ja;Oost-Vlaanderen 
8840;Westrozebeke;Ja;West-Vlaanderen
8640;Westvleteren;Ja;West-Vlaanderen
9230;WETTEREN;Neen;Oost-Vlaanderen 
8560;WEVELGEM;Neen;West-Vlaanderen
7620;Wez-Velvain;Ja;Henegouwen
3111;Wezemaal;Ja;Vlaams-Brabant
1970;WEZEMBEEK-OPPEM;Neen;Vlaams-Brabant
3401;Wezeren;Ja;Vlaams-Brabant
6666;Wibrin;Ja;Luxemburg
9260;WICHELEN;Neen;Oost-Vlaanderen 
3700;Widooie;Ja;Limburg
2222;Wiekevorst;Ja;Antwerpen
8710;WIELSBEKE;Neen;West-Vlaanderen
5100;Wierde;Ja;Namen
7608;Wiers;Ja;Henegouwen
5571;Wiesme;Ja;Namen
9280;Wieze;Ja;Oost-Vlaanderen 
7370;Wihéries;Ja;Henegouwen
4452;Wihogne;Ja;Luik
3990;Wijchmaal;Ja;Limburg
3850;Wijer;Ja;Limburg
3018;Wijgmaal;Ja;Vlaams-Brabant
2110;WIJNEGEM;Neen;Antwerpen
3670;Wijshagen;Ja;Limburg
8953;Wijtschate;Ja;West-Vlaanderen
3803;Wilderen;Ja;Limburg
7904;Willaupuis;Ja;Henegouwen
3370;Willebringen;Ja;Vlaams-Brabant
2830;WILLEBROEK;Neen;Antwerpen
7506;Willemeau;Ja;Henegouwen
5575;Willerzie;Ja;Namen
2610;Wilrijk;Ja;Antwerpen
3012;Wilsele;Ja;Vlaams-Brabant
8431;Wilskerke;Ja;West-Vlaanderen
3501;Wimmertingen;Ja;Limburg
5570;Winenne;Ja;Namen
8750;WINGENE;Neen;West-Vlaanderen
3020;Winksele;Ja;Vlaams-Brabant
3722;Wintershoven;Ja;Limburg
6860;Witry;Ja;Luxemburg
7890;Wodecq;Ja;Henegouwen
8640;Woesten;Ja;West-Vlaanderen
6780;Wolkrange;Ja;Luxemburg
1861;Wolvertem;Ja;Vlaams-Brabant
2160;WOMMELGEM;Neen;Antwerpen
3350;Wommersom;Ja;Vlaams-Brabant
4690;Wonck;Ja;Luik
9032;Wondelgem;Ja;Oost-Vlaanderen 
9800;Wontergem;Ja;Oost-Vlaanderen 
9790;Wortegem;Ja;Oost-Vlaanderen 
9790;WORTEGEM-PETEGEM;Neen;Oost-Vlaanderen 
2323;Wortel;Ja;Antwerpen
9550;Woubrechtegem;Ja;Oost-Vlaanderen 
8600;Woumen;Ja;West-Vlaanderen
8670;Wulpen;Ja;West-Vlaanderen
8952;Wulvergem;Ja;West-Vlaanderen
8630;Wulveringem;Ja;West-Vlaanderen
2990;WUUSTWEZEL;Neen;Antwerpen
4652;Xhendelesse;Ja;Luik
4432;Xhendremael;Ja;Luik
4190;Xhoris;Ja;Luik
4550;Yernée-Fraineux;Ja;Luik
7512;Yves Rocher;;
7513;Yves Rocher;;
5650;Yves-Gomezée;Ja;Namen
5530;YVOIR;Neen;Namen
9080;Zaffelare;Ja;Oost-Vlaanderen 
9506;Zandbergen;Ja;Oost-Vlaanderen 
8680;Zande;Ja;West-Vlaanderen
2240;ZANDHOVEN;Neen;Antwerpen
2040;Zandvliet;Ja;Antwerpen
8400;Zandvoorde;Ja;West-Vlaanderen
8980;Zandvoorde;Ja;West-Vlaanderen
9500;Zarlardinge;Ja;Oost-Vlaanderen 
8610;Zarren;Ja;West-Vlaanderen
1930;ZAVENTEM;Neen;Vlaams-Brabant
8210;ZEDELGEM;Neen;West-Vlaanderen
8380;Zeebrugge;Ja;West-Vlaanderen
9660;Zegelsem;Ja;Oost-Vlaanderen 
9240;ZELE;Neen;Oost-Vlaanderen 
3545;Zelem;Ja;Limburg
1731;Zellik;Ja;Vlaams-Brabant
9060;ZELZATE;Neen;Oost-Vlaanderen 
1980;ZEMST;Neen;Vlaams-Brabant
3800;Zepperen;Ja;Limburg
8490;Zerkegem;Ja;West-Vlaanderen
1370;Zétrud-Lumay;Ja;Waals-Brabant
8470;Zevekote;Ja;West-Vlaanderen
9080;Zeveneken;Ja;Oost-Vlaanderen 
9800;Zeveren;Ja;Oost-Vlaanderen 
9840;Zevergem;Ja;Oost-Vlaanderen 
3271;Zichem;Ja;Vlaams-Brabant
3770;Zichen-Zussen-Bolder;Ja;Limburg
8902;Zillebeke;Ja;West-Vlaanderen
9750;ZINGEM;Neen;Oost-Vlaanderen 
2260;Zoerle-Parwijs;Ja;Antwerpen
2980;ZOERSEL;Neen;Antwerpen
3550;Zolder;Ja;Limburg
9930;ZOMERGEM;Neen;Oost-Vlaanderen 
3520;ZONHOVEN;Neen;Limburg
8980;ZONNEBEKE;Neen;West-Vlaanderen
9520;Zonnegem;Ja;Oost-Vlaanderen 
9620;ZOTTEGEM;Neen;Oost-Vlaanderen 
8630;Zoutenaaie;Ja;West-Vlaanderen
3440;ZOUTLEEUW;Neen;Vlaams-Brabant
8904;Zuidschote;Ja;West-Vlaanderen
8377;ZUIENKERKE;Neen;West-Vlaanderen
9870;ZULTE;Neen;Oost-Vlaanderen 
9690;Zulzeke;Ja;Oost-Vlaanderen 
3690;ZUTENDAAL;Neen;Limburg
9630;ZWALM;Neen;Oost-Vlaanderen 
8550;ZWEVEGEM;Neen;West-Vlaanderen
8750;Zwevezele;Ja;West-Vlaanderen
9052;Zwijnaarde;Ja;Oost-Vlaanderen 
2070;ZWIJNDRECHT;Neen;Antwerpen
